,seq,class,cx,cy,filename,height,laterality,width,xmax,xmin,ymax,ymin
0,259,Macula,384,293,00569c080bf51c7f182cbe4c76f1823a.jpg,480,L002,720,436,332,345,241
1,668,OpticDisk,191,275,00569c080bf51c7f182cbe4c76f1823a.jpg,480,L002,720,224,158,308,242
2,112,Macula,244,376,006d22e023f0a7fbd5c2db523df55c3b.jpg,480,L001,640,296,192,428,324
3,679,OpticDisk,396,330,006d22e023f0a7fbd5c2db523df55c3b.jpg,480,L001,640,429,363,363,297
4,497,Macula,28,251,00ffbc1c8244cc08198e9a37b2fa18f2.jpg,480,L001,640,80,-24,303,199
5,826,OpticDisk,178,261,00ffbc1c8244cc08198e9a37b2fa18f2.jpg,480,L001,640,211,145,294,228
6,197,Macula,508,168,01bb4d03ce87e7133e292cf1f3e901e3.jpg,480,L002,640,560,456,220,116
7,543,OpticDisk,334,132,01bb4d03ce87e7133e292cf1f3e901e3.jpg,480,L002,640,367,301,165,99
8,145,Macula,391,272,0233bf5091c42110f367bcba2e0ed80c.jpg,480,L001,640,443,339,324,220
9,667,OpticDisk,557,238,0233bf5091c42110f367bcba2e0ed80c.jpg,480,L001,640,590,524,271,205
10,863,Macula,609,190,027a0967755ae9e9196d36e21ce6867b.jpg,480,L002,720,661,557,242,138
11,712,OpticDisk,437,175,027a0967755ae9e9196d36e21ce6867b.jpg,480,L002,720,470,404,208,142
12,352,OpticDisk,246,206,0392f6220f5cc4281a2a67120f9d07d9.jpg,480,L002,720,279,213,239,173
13,789,Macula,392,178,0392f6220f5cc4281a2a67120f9d07d9.jpg,480,L002,720,444,340,230,126
14,512,OpticDisk,180,198,03aca724834a50aae46479837bd17c92.jpg,480,L001,720,213,147,231,165
15,753,Macula,36,196,03aca724834a50aae46479837bd17c92.jpg,480,L001,720,88,-16,248,144
16,40,Macula,356,302,03d1e772a13f4725a8ea5fa63c860ad1.jpg,480,L001,720,408,304,354,250
17,910,OpticDisk,544,264,03d1e772a13f4725a8ea5fa63c860ad1.jpg,480,L001,720,577,511,297,231
18,634,Macula,364,256,03e6a73fc62c1d9c78f0231ab01ab230.jpg,480,,640,416,312,308,204
19,752,OpticDisk,528,216,03e6a73fc62c1d9c78f0231ab01ab230.jpg,480,,640,561,495,249,183
20,287,OpticDisk,115,247,047f45c602e9da08becdd58a9ac19697.jpg,480,L002,720,148,82,280,214
21,310,Macula,261,280,047f45c602e9da08becdd58a9ac19697.jpg,480,L002,720,313,209,332,228
22,12,OpticDisk,493,219,0491e425c9720ef464c7331b23c8e374.jpg,480,L001,640,526,460,252,186
23,708,Macula,345,172,0491e425c9720ef464c7331b23c8e374.jpg,480,L001,640,397,293,224,120
24,778,Macula,625,192,0519cd0f02078c263f8be17e372ff017.jpg,480,L002,720,677,573,244,140
25,514,OpticDisk,475,183,0519cd0f02078c263f8be17e372ff017.jpg,480,L002,720,508,442,216,150
26,31,Macula,162,17,0536f29516d6126defd60f19a0b0678f.jpg,480,L001,720,214,110,69,-35
27,262,OpticDisk,372,24,0536f29516d6126defd60f19a0b0678f.jpg,480,L001,720,405,339,57,-9
28,116,Macula,29,274,053a7d72d2a68a5c1d827008e02d3e3c.jpg,480,L001,720,81,-23,326,222
29,250,OpticDisk,171,267,053a7d72d2a68a5c1d827008e02d3e3c.jpg,480,L001,720,204,138,300,234
30,98,OpticDisk,242,221,053cd3643e01607c3c6e99c299994eef.jpg,480,L002,640,275,209,254,188
31,907,Macula,368,210,053cd3643e01607c3c6e99c299994eef.jpg,480,L002,640,420,316,262,158
32,461,OpticDisk,421,229,05cd73f19ab7ada1a348064749270bc7.jpg,480,L001,640,454,388,262,196
33,821,Macula,272,291,05cd73f19ab7ada1a348064749270bc7.jpg,480,L001,640,324,220,343,239
34,393,OpticDisk,206,287,0639feb8415fab3a583224d473eda919.jpg,480,L001,720,239,173,320,254
35,425,Macula,67,327,0639feb8415fab3a583224d473eda919.jpg,480,L001,720,119,15,379,275
36,484,OpticDisk,706,177,06d93719894337e5fbfce6deaf62893f.jpg,480,L001,720,739,673,210,144
37,201,Macula,556,196,06d93719894337e5fbfce6deaf62893f.jpg,480,L001,720,608,504,248,144
38,353,OpticDisk,282,246,0700a43ef50f43978b03d0670a446669.jpg,480,L001,640,315,249,279,213
39,528,Macula,116,248,0700a43ef50f43978b03d0670a446669.jpg,480,L001,640,168,64,300,196
40,204,OpticDisk,157,186,07076f3c701a2ccf9ab8793b44aebd53.jpg,480,L002,640,190,124,219,153
41,869,Macula,342,222,07076f3c701a2ccf9ab8793b44aebd53.jpg,480,L002,640,394,290,274,170
42,527,Macula,216,292,076a5dafba43e13ac1df38f4ec482902.jpg,480,L001,640,268,164,344,240
43,747,OpticDisk,400,293,076a5dafba43e13ac1df38f4ec482902.jpg,480,L001,640,433,367,326,260
44,303,OpticDisk,593,199,07bdd141e106217be44d11e0716af6f0.jpg,480,L001,640,626,560,232,166
45,920,Macula,399,221,07bdd141e106217be44d11e0716af6f0.jpg,480,L001,640,451,347,273,169
46,121,Macula,280,254,08664f44d41bea488531217d17818f49.jpg,480,L002,720,332,228,306,202
47,408,OpticDisk,117,204,08664f44d41bea488531217d17818f49.jpg,480,L002,720,150,84,237,171
48,647,OpticDisk,553,182,09aa386a0e9ee3a6bc1a159c5c30af92.jpg,480,L001,640,586,520,215,149
49,366,Macula,366,189,09aa386a0e9ee3a6bc1a159c5c30af92.jpg,480,L001,640,418,314,241,137
50,894,Macula,210,274,0a03c4112cd0662fc42ed0b5c3caacf2.jpg,480,L002,640,262,158,326,222
51,295,OpticDisk,41,287,0a03c4112cd0662fc42ed0b5c3caacf2.jpg,480,L002,640,74,8,320,254
52,490,OpticDisk,76,552,0a1d6a34088ca4cfc45d702385218a56.jpg,1200,L002,1600,158,-6,634,470
53,837,Macula,389,592,0a1d6a34088ca4cfc45d702385218a56.jpg,1200,L002,1600,518,260,721,463
54,489,OpticDisk,536,218,0a61e7f1edbe215fab6e9b6eae5283e5.jpg,480,L001,640,569,503,251,185
55,827,Macula,386,306,0a61e7f1edbe215fab6e9b6eae5283e5.jpg,480,L001,640,438,334,358,254
56,66,Macula,457,260,0a8823d4f177a195815b782ef0a5cf14.jpg,480,L001,640,509,405,312,208
57,271,OpticDisk,614,206,0a8823d4f177a195815b782ef0a5cf14.jpg,480,L001,640,647,581,239,173
58,819,Macula,273,252,0a9633448043c73f0a2b2064f739ec98.jpg,480,L002,720,325,221,304,200
59,842,OpticDisk,44,275,0a9633448043c73f0a2b2064f739ec98.jpg,480,L002,720,77,11,308,242
60,14,OpticDisk,542,283,0af4cd0631e99f72896e0cacac9e97f2.jpg,480,L001,720,575,509,316,250
61,156,Macula,406,218,0af4cd0631e99f72896e0cacac9e97f2.jpg,480,L001,720,458,354,270,166
62,18,Macula,387,215,0b150b5b76d138add494bdea33d71b15.jpg,480,L001,640,439,335,267,163
63,547,OpticDisk,568,220,0b150b5b76d138add494bdea33d71b15.jpg,480,L001,640,601,535,253,187
64,793,OpticDisk,108,64,0b1914a80a2d8550ef85306ea85cb1cb.jpg,480,L002,640,141,75,97,31
65,168,Macula,312,50,0b1914a80a2d8550ef85306ea85cb1cb.jpg,480,L002,640,364,260,102,-2
66,135,Macula,250,464,0b2daac3bc35d9a4013956bab55d0d20.jpg,480,L001,640,302,198,516,412
67,933,OpticDisk,467,431,0b2daac3bc35d9a4013956bab55d0d20.jpg,480,L001,640,500,434,464,398
68,696,OpticDisk,9,266,0b8e606a486c29dc086c69236af44e45.jpg,480,L002,640,42,-24,299,233
69,768,Macula,174,275,0b8e606a486c29dc086c69236af44e45.jpg,480,L002,640,226,122,327,223
70,428,Macula,65,315,0ba2c875efc78380549d507a1df707ac.jpg,480,L001,720,117,13,367,263
71,843,OpticDisk,250,305,0ba2c875efc78380549d507a1df707ac.jpg,480,L001,720,283,217,338,272
72,16,Macula,317,217,0bb8980d97aa40605d5de20b0055cd5d.jpg,480,L002,640,369,265,269,165
73,755,OpticDisk,120,206,0bb8980d97aa40605d5de20b0055cd5d.jpg,480,L002,640,153,87,239,173
74,416,OpticDisk,17,253,0bd5ef135ecefed4638eac58b2cc99b4.jpg,480,L002,640,50,-16,286,220
75,493,Macula,231,239,0bd5ef135ecefed4638eac58b2cc99b4.jpg,480,L002,640,283,179,291,187
76,402,OpticDisk,442,213,0bea552c83028cb64ab579ed3ba8e01d.jpg,480,L001,640,475,409,246,180
77,225,Macula,274,257,0bea552c83028cb64ab579ed3ba8e01d.jpg,480,L001,640,326,222,309,205
78,379,OpticDisk,64,397,0c084dacf45e185f639f353d50c14767.jpg,480,L002,640,97,31,430,364
79,743,Macula,220,446,0c084dacf45e185f639f353d50c14767.jpg,480,L002,640,272,168,498,394
80,93,OpticDisk,441,83,0c400e25cc77fc4d5eddce0ede44d36e.jpg,480,L001,640,474,408,116,50
81,97,Macula,235,40,0c400e25cc77fc4d5eddce0ede44d36e.jpg,480,L001,640,287,183,92,-12
82,208,OpticDisk,170,241,0c402aee80e039c5006a670add18162b.jpg,480,L001,640,203,137,274,208
83,912,Macula,15,253,0c402aee80e039c5006a670add18162b.jpg,480,L001,640,67,-37,305,201
84,213,Macula,473,409,0c5de1b595b90a3f29f5951ce0bb0da1.jpg,480,L001,720,525,421,461,357
85,542,OpticDisk,633,328,0c5de1b595b90a3f29f5951ce0bb0da1.jpg,480,L001,720,666,600,361,295
86,449,Macula,442,162,0c7aa8bd5a1dec0ba94df0941e104c17.jpg,480,L002,640,494,390,214,110
87,551,OpticDisk,283,175,0c7aa8bd5a1dec0ba94df0941e104c17.jpg,480,L002,640,316,250,208,142
88,265,OpticDisk,596,234,0c8d6a2fe8a1ec3d9b91ca95550a2a8c.jpg,480,L001,640,629,563,267,201
89,155,Macula,384,252,0c8d6a2fe8a1ec3d9b91ca95550a2a8c.jpg,480,L001,640,436,332,304,200
90,221,OpticDisk,261,272,0d2449ab4bfb37567fe78f0fb8610ded.jpg,480,L002,720,294,228,305,239
91,655,OpticDisk,414,257,0d2449ab4bfb37567fe78f0fb8610ded.jpg,480,L002,720,447,381,290,224
92,220,Macula,85,52,0d999f9f7bf200eced1bcd4f279bfe97.jpg,480,L001,640,137,33,104,0
93,563,OpticDisk,274,17,0d999f9f7bf200eced1bcd4f279bfe97.jpg,480,L001,640,307,241,50,-16
94,406,Macula,300,400,0dd822275dc03ad88f98d74c431a94b9.jpg,480,L002,720,352,248,452,348
95,570,OpticDisk,145,398,0dd822275dc03ad88f98d74c431a94b9.jpg,480,L002,720,178,112,431,365
96,541,Macula,407,237,0de6f7894f722f4c26236134bc9b03ec.jpg,480,L001,720,459,355,289,185
97,922,OpticDisk,600,245,0de6f7894f722f4c26236134bc9b03ec.jpg,480,L001,720,633,567,278,212
98,11,Macula,291,333,0e4b782f85833c08fd379d5efc6549bb.jpg,480,L001,640,343,239,385,281
99,142,OpticDisk,439,170,0e4b782f85833c08fd379d5efc6549bb.jpg,480,L001,640,472,406,203,137
100,150,Macula,58,90,0e872ff80b7ff9a4cb39bd9565e3b98f.jpg,480,L001,640,110,6,142,38
101,767,OpticDisk,204,87,0e872ff80b7ff9a4cb39bd9565e3b98f.jpg,480,L001,640,237,171,120,54
102,454,Macula,307,264,0f4e893187787ba38c499ef8091d6579.jpg,480,L001,640,359,255,316,212
103,64,OpticDisk,498,279,0f4e893187787ba38c499ef8091d6579.jpg,480,L001,640,531,465,312,246
104,279,OpticDisk,53,250,0f82c9693c24fdc2cae577836654f7de.jpg,480,L002,640,86,20,283,217
105,650,Macula,252,219,0f82c9693c24fdc2cae577836654f7de.jpg,480,L002,640,304,200,271,167
106,520,OpticDisk,572,143,0f93ca041aa7daeb92100eb1047654f3.jpg,480,L001,640,605,539,176,110
107,635,Macula,357,57,0f93ca041aa7daeb92100eb1047654f3.jpg,480,L001,640,409,305,109,5
108,389,Macula,414,48,0fb97ce0ca715773fd63e56a6df33774.jpg,480,L002,640,466,362,100,-4
109,889,OpticDisk,225,87,0fb97ce0ca715773fd63e56a6df33774.jpg,480,L002,640,258,192,120,54
110,556,OpticDisk,9,138,0fd16ff011be1c9b7bbfd7c2c1fb6497.jpg,480,L002,720,42,-24,171,105
111,723,OpticDisk,210,210,0fd16ff011be1c9b7bbfd7c2c1fb6497.jpg,480,L002,720,243,177,243,177
112,133,OpticDisk,97,305,0ffdecd7309ea5c31c302a9ffe12fae9.jpg,480,L002,640,130,64,338,272
113,825,Macula,345,310,0ffdecd7309ea5c31c302a9ffe12fae9.jpg,480,L002,640,397,293,362,258
114,663,Macula,495,351,101804e3814fb41cc003829841834c09.jpg,480,L001,720,547,443,403,299
115,546,OpticDisk,670,407,101804e3814fb41cc003829841834c09.jpg,480,L001,720,703,637,440,374
116,88,Macula,180,198,10c8e0c756222925d75382bb904b1d75.jpg,480,L002,640,232,128,250,146
117,751,OpticDisk,18,132,10c8e0c756222925d75382bb904b1d75.jpg,480,L002,640,51,-15,165,99
118,109,OpticDisk,19,254,11ff19d599a4aa6290316be9a14ab65f.jpg,480,L002,640,52,-14,287,221
119,642,Macula,192,301,11ff19d599a4aa6290316be9a14ab65f.jpg,480,L002,640,244,140,353,249
120,314,OpticDisk,422,268,1270a3acf1fa6396c4188b92d247abc4.jpg,480,L001,640,455,389,301,235
121,731,Macula,245,248,1270a3acf1fa6396c4188b92d247abc4.jpg,480,L001,640,297,193,300,196
122,50,OpticDisk,204,234,1275a2e5c770de38e2a6264af41adebd.jpg,480,L002,640,237,171,267,201
123,440,Macula,365,234,1275a2e5c770de38e2a6264af41adebd.jpg,480,L002,640,417,313,286,182
124,436,Macula,184,239,12a06be6f309469d7aacbf80e10428ea.jpg,480,L002,640,236,132,291,187
125,803,OpticDisk,28,241,12a06be6f309469d7aacbf80e10428ea.jpg,480,L002,640,61,-5,274,208
126,649,OpticDisk,31,168,12a624d5584d9535e73550e19990e03e.jpg,480,L002,640,64,-2,201,135
127,616,Macula,196,192,12a624d5584d9535e73550e19990e03e.jpg,480,L002,640,248,144,244,140
128,210,Macula,421,263,12d61a7e8ef0b4e7a99f7ad6ebbe1570.jpg,480,L002,640,473,369,315,211
129,137,OpticDisk,580,258,12d61a7e8ef0b4e7a99f7ad6ebbe1570.jpg,480,L002,640,613,547,291,225
130,55,OpticDisk,303,225,12de8ffe9ee1b04c24f291af8be2ab28.jpg,480,L002,640,336,270,258,192
131,339,Macula,456,247,12de8ffe9ee1b04c24f291af8be2ab28.jpg,480,L002,640,508,404,299,195
132,94,Macula,636,285,1302e0b06db49066c3c1c45ab9e63446.jpg,480,L002,640,688,584,337,233
133,929,OpticDisk,552,256,1302e0b06db49066c3c1c45ab9e63446.jpg,480,L002,640,585,519,289,223
134,589,OpticDisk,172,304,14edd897dd45c9ff48ca87849f6ae6f5.jpg,480,L002,640,205,139,337,271
135,590,Macula,331,289,14edd897dd45c9ff48ca87849f6ae6f5.jpg,480,L002,640,383,279,341,237
136,224,OpticDisk,614,224,152f455318c7827dd823518d70317dfc.jpg,480,L001,720,647,581,257,191
137,419,Macula,431,239,152f455318c7827dd823518d70317dfc.jpg,480,L001,720,483,379,291,187
138,433,Macula,331,345,1535b7d2bea84e91be6258bef1d53397.jpg,480,L001,720,383,279,397,293
139,572,OpticDisk,483,335,1535b7d2bea84e91be6258bef1d53397.jpg,480,L001,720,516,450,368,302
140,640,Macula,158,107,15fce9b6aca5a9c0c9207460f3a8d802.jpg,480,L001,640,210,106,159,55
141,867,OpticDisk,324,115,15fce9b6aca5a9c0c9207460f3a8d802.jpg,480,L001,640,357,291,148,82
142,415,OpticDisk,155,258,160930bbc89eccc7b8e06a6706324c40.jpg,480,L002,720,188,122,291,225
143,405,Macula,326,268,160930bbc89eccc7b8e06a6706324c40.jpg,480,L002,720,378,274,320,216
144,47,OpticDisk,67,252,160e8b9681f11b52e5aa4b848d3e6695.jpg,480,L002,640,100,34,285,219
145,239,Macula,226,238,160e8b9681f11b52e5aa4b848d3e6695.jpg,480,L002,640,278,174,290,186
146,328,OpticDisk,384,292,174a5b3a220d834b43c1ad7cefd7d99f.jpg,480,L001,640,417,351,325,259
147,479,Macula,229,349,174a5b3a220d834b43c1ad7cefd7d99f.jpg,480,L001,640,281,177,401,297
148,329,Macula,431,252,17a4dcfaaf3e44f7a6671a60bd579e41.jpg,480,L001,640,483,379,304,200
149,904,OpticDisk,600,233,17a4dcfaaf3e44f7a6671a60bd579e41.jpg,480,L001,640,633,567,266,200
150,129,OpticDisk,507,255,17bfef4a4ad9f50bb15986af71284d1e.jpg,480,L001,640,540,474,288,222
151,233,Macula,323,265,17bfef4a4ad9f50bb15986af71284d1e.jpg,480,L001,640,375,271,317,213
152,1,OpticDisk,530,77,17cbeec3ba5b16aed59631872fa7e42f.jpg,480,L001,720,563,497,110,44
153,764,Macula,354,140,17cbeec3ba5b16aed59631872fa7e42f.jpg,480,L001,720,406,302,192,88
154,623,OpticDisk,559,411,18c87a682c6debb601d2a7e9de3d39ec.jpg,480,L001,640,592,526,444,378
155,144,Macula,374,401,18c87a682c6debb601d2a7e9de3d39ec.jpg,480,L001,640,426,322,453,349
156,6,Macula,172,207,191cd115382a9e39098ba8916fdfbdc8.jpg,480,L001,720,224,120,259,155
157,25,OpticDisk,358,207,191cd115382a9e39098ba8916fdfbdc8.jpg,480,L001,720,391,325,240,174
158,464,OpticDisk,246,382,194216d05c5f2c3d77e7fa76503376c1.jpg,480,L002,720,279,213,415,349
159,921,Macula,438,427,194216d05c5f2c3d77e7fa76503376c1.jpg,480,L002,720,490,386,479,375
160,177,Macula,622,457,199a3651f2a4462b7352eab29535bab2.jpg,480,L002,720,674,570,509,405
161,304,OpticDisk,462,457,199a3651f2a4462b7352eab29535bab2.jpg,480,L002,720,495,429,490,424
162,782,Macula,478,221,19ac659fb67c95772d42aa3da097931d.jpg,480,L001,720,530,426,273,169
163,799,OpticDisk,645,154,19ac659fb67c95772d42aa3da097931d.jpg,480,L001,720,678,612,187,121
164,72,Macula,292,96,1a1e2aa7105ea5135c39ccb70ae3cafb.jpg,480,L001,640,344,240,148,44
165,480,OpticDisk,484,127,1a1e2aa7105ea5135c39ccb70ae3cafb.jpg,480,L001,640,517,451,160,94
166,187,Macula,166,227,1b7477b2ae155062fac3f193d0e49a04.jpg,480,L001,640,218,114,279,175
167,430,OpticDisk,307,185,1b7477b2ae155062fac3f193d0e49a04.jpg,480,L001,640,340,274,218,152
168,246,OpticDisk,591,105,1b8bf39f7c23b085948ecf63be8cf288.jpg,480,L001,640,624,558,138,72
169,195,Macula,374,31,1b8bf39f7c23b085948ecf63be8cf288.jpg,480,L001,640,426,322,83,-21
170,152,Macula,386,236,1bd1957e0558e7b7f76e82fd04cfd8b6.jpg,480,L002,640,438,334,288,184
171,555,OpticDisk,216,215,1bd1957e0558e7b7f76e82fd04cfd8b6.jpg,480,L002,640,249,183,248,182
172,161,OpticDisk,622,191,1bf01b5860168f2fed723a36d00bfe5e.jpg,480,L001,640,655,589,224,158
173,257,Macula,424,214,1bf01b5860168f2fed723a36d00bfe5e.jpg,480,L001,640,476,372,266,162
174,362,OpticDisk,584,253,1c9e4e8f3596939c441e377a11fa443b.jpg,480,L001,640,617,551,286,220
175,459,Macula,388,270,1c9e4e8f3596939c441e377a11fa443b.jpg,480,L001,640,440,336,322,218
176,24,OpticDisk,627,248,1d08a2a47e9108b4006a6b729368b7db.jpg,480,L001,640,660,594,281,215
177,502,Macula,420,237,1d08a2a47e9108b4006a6b729368b7db.jpg,480,L001,640,472,368,289,185
178,70,OpticDisk,399,200,1d0cbae1747d4e229c9f40e62d8b1a58.jpg,480,L001,640,432,366,233,167
179,209,Macula,227,168,1d0cbae1747d4e229c9f40e62d8b1a58.jpg,480,L001,640,279,175,220,116
180,757,Macula,143,190,1d0d82523ad94c5b9d83dc6c2295fca4.jpg,480,L001,640,195,91,242,138
181,9,OpticDisk,340,200,1d0d82523ad94c5b9d83dc6c2295fca4.jpg,480,L001,640,373,307,233,167
182,256,OpticDisk,201,215,1d2e6345f2b332647ba1f28197f585b4.jpg,480,L002,640,234,168,248,182
183,763,Macula,403,208,1d2e6345f2b332647ba1f28197f585b4.jpg,480,L002,640,455,351,260,156
184,534,OpticDisk,178,225,1da5bd597f01d0bff81db907b356cf9a.jpg,480,L001,720,211,145,258,192
185,919,Macula,54,149,1da5bd597f01d0bff81db907b356cf9a.jpg,480,L001,720,106,2,201,97
186,378,Macula,358,251,1e7238a536d4de3bdfe14ce5d6f89396.jpg,480,L002,720,410,306,303,199
187,413,OpticDisk,181,271,1e7238a536d4de3bdfe14ce5d6f89396.jpg,480,L002,720,214,148,304,238
188,808,OpticDisk,489,217,1ea80564422f5ab313dae9b24f3fdd9b.jpg,480,L001,640,522,456,250,184
189,834,Macula,294,212,1ea80564422f5ab313dae9b24f3fdd9b.jpg,480,L001,640,346,242,264,160
190,544,Macula,139,87,1eab1d645058eaaff23f688346df542e.jpg,480,L001,640,191,87,139,35
191,678,OpticDisk,350,60,1eab1d645058eaaff23f688346df542e.jpg,480,L001,640,383,317,93,27
192,172,Macula,464,174,1ef773c303b63916fecfdd199e52e975.jpg,480,L002,640,516,412,226,122
193,53,OpticDisk,284,150,1ef773c303b63916fecfdd199e52e975.jpg,480,L002,640,317,251,183,117
194,180,Macula,62,267,1f438ea0dd88dd62840a7c8a673cd535.jpg,480,L001,640,114,10,319,215
195,580,OpticDisk,244,249,1f438ea0dd88dd62840a7c8a673cd535.jpg,480,L001,640,277,211,282,216
196,118,Macula,176,454,1f752f636086bf114fcacbeb57105291.jpg,480,L001,640,228,124,506,402
197,559,OpticDisk,355,445,1f752f636086bf114fcacbeb57105291.jpg,480,L001,640,388,322,478,412
198,33,Macula,239,283,1ff7ec5b8227e23bcaa6e1e957ce55e2.jpg,480,L002,720,291,187,335,231
199,829,OpticDisk,33,259,1ff7ec5b8227e23bcaa6e1e957ce55e2.jpg,480,L002,720,66,0,292,226
200,674,Macula,480,279,207819aa7e79fdc6645dd6b797882a68.jpg,480,L002,720,532,428,331,227
201,908,OpticDisk,325,286,207819aa7e79fdc6645dd6b797882a68.jpg,480,L002,720,358,292,319,253
202,431,Macula,513,276,207d25f4433749e578faa60062357fd5.jpg,480,L002,640,565,461,328,224
203,442,OpticDisk,339,283,207d25f4433749e578faa60062357fd5.jpg,480,L002,640,372,306,316,250
204,115,OpticDisk,88,282,20f5ee3ba14dc3ea80f41f185261fb52.jpg,480,L002,640,121,55,315,249
205,375,Macula,232,219,20f5ee3ba14dc3ea80f41f185261fb52.jpg,480,L002,640,284,180,271,167
206,865,Macula,57,268,213d6774386be1773937a77ae01c1b51.jpg,480,L001,640,109,5,320,216
207,924,OpticDisk,225,256,213d6774386be1773937a77ae01c1b51.jpg,480,L001,640,258,192,289,223
208,532,Macula,329,263,21a79d55504fc3e6ce4616f417743a21.jpg,480,L001,720,381,277,315,211
209,355,OpticDisk,475,234,21a79d55504fc3e6ce4616f417743a21.jpg,480,L001,720,508,442,267,201
210,10,OpticDisk,109,179,21e56d4b2cbc30ee11d4c821426dfd40.jpg,480,L002,640,142,76,212,146
211,486,Macula,286,177,21e56d4b2cbc30ee11d4c821426dfd40.jpg,480,L002,640,338,234,229,125
212,646,Macula,406,296,229a286740b57475230aa8fc0bd9fce8.jpg,480,L002,640,458,354,348,244
213,772,OpticDisk,254,325,229a286740b57475230aa8fc0bd9fce8.jpg,480,L002,640,287,221,358,292
214,330,OpticDisk,330,264,231ea3b6b1a3a1ce3dcd5f439933d17a.jpg,480,L001,640,363,297,297,231
215,337,Macula,161,322,231ea3b6b1a3a1ce3dcd5f439933d17a.jpg,480,L001,640,213,109,374,270
216,174,OpticDisk,49,121,2364c1160beab8d49357f83fe0271621.jpg,480,L002,720,82,16,154,88
217,880,Macula,178,152,2364c1160beab8d49357f83fe0271621.jpg,480,L002,720,230,126,204,100
218,418,OpticDisk,251,219,240db6848ec13eb9bbeda2bc42867c9e.jpg,480,L002,640,284,218,252,186
219,619,Macula,413,214,240db6848ec13eb9bbeda2bc42867c9e.jpg,480,L002,640,465,361,266,162
220,662,OpticDisk,284,372,241c771e26284156b2df13f725661d87.jpg,480,L001,720,317,251,405,339
221,631,Macula,111,376,241c771e26284156b2df13f725661d87.jpg,480,L001,720,163,59,428,324
222,185,OpticDisk,341,293,2421d1f36c7836795afa0c483698962b.jpg,480,L001,640,374,308,326,260
223,276,Macula,187,289,2421d1f36c7836795afa0c483698962b.jpg,480,L001,640,239,135,341,237
224,474,OpticDisk,194,271,25c9a7f1935ecc8d2e01486925e88a5a.jpg,480,L002,720,227,161,304,238
225,915,Macula,360,279,25c9a7f1935ecc8d2e01486925e88a5a.jpg,480,L002,720,412,308,331,227
226,27,Macula,131,196,25fad293af1201de3083bce4ca2ef00c.jpg,480,L001,720,183,79,248,144
227,471,OpticDisk,332,179,25fad293af1201de3083bce4ca2ef00c.jpg,480,L001,720,365,299,212,146
228,506,OpticDisk,404,447,2662cbc8ae41cd3d6ca6fca1e32871f3.jpg,480,L001,720,437,371,480,414
229,890,Macula,214,453,2662cbc8ae41cd3d6ca6fca1e32871f3.jpg,480,L001,720,266,162,505,401
230,566,Macula,371,338,266e5450b9e3cac73103c55c28791393.jpg,480,L002,720,423,319,390,286
231,687,OpticDisk,214,348,266e5450b9e3cac73103c55c28791393.jpg,480,L002,720,247,181,381,315
232,900,OpticDisk,34,205,269d17f790b4557501a835d1b81e97c4.jpg,480,L002,720,67,1,238,172
233,412,Macula,212,263,269d17f790b4557501a835d1b81e97c4.jpg,480,L002,720,264,160,315,211
234,703,OpticDisk,454,283,273148c14b09313186900b60807d2f91.jpg,480,L001,720,487,421,316,250
235,240,Macula,265,334,273148c14b09313186900b60807d2f91.jpg,480,L001,720,317,213,386,282
236,652,OpticDisk,607,249,28b94764a3009c5a6badd3867a0587b9.jpg,480,L001,640,640,574,282,216
237,656,Macula,401,245,28b94764a3009c5a6badd3867a0587b9.jpg,480,L001,640,453,349,297,193
238,200,OpticDisk,495,193,28e57c5731b310998d8d6f1e4f27abf6.jpg,480,L001,640,528,462,226,160
239,720,Macula,331,181,28e57c5731b310998d8d6f1e4f27abf6.jpg,480,L001,640,383,279,233,129
240,340,Macula,274,18,298c171686d6883c33882890aedbf69d.jpg,480,L001,640,326,222,70,-34
241,913,OpticDisk,434,61,298c171686d6883c33882890aedbf69d.jpg,480,L001,640,467,401,94,28
242,43,OpticDisk,333,3,2a0d84e37292da71d75168416edfdc1d.jpg,480,L001,640,366,300,36,-30
243,387,Macula,146,11,2a0d84e37292da71d75168416edfdc1d.jpg,480,L001,640,198,94,63,-41
244,136,Macula,604,180,2a7d6a75d0a84a33cfe7b5073a4131b4.jpg,480,L002,640,656,552,232,128
245,227,OpticDisk,417,179,2a7d6a75d0a84a33cfe7b5073a4131b4.jpg,480,L002,640,450,384,212,146
246,592,Macula,419,234,2b07ec436b3617cebc2e6132fa072918.jpg,480,L002,640,471,367,286,182
247,357,OpticDisk,229,245,2b07ec436b3617cebc2e6132fa072918.jpg,480,L002,640,262,196,278,212
248,253,Macula,204,247,2b1c736058bb9f10284443f5b57979ac.jpg,480,L002,640,256,152,299,195
249,710,OpticDisk,10,234,2b1c736058bb9f10284443f5b57979ac.jpg,480,L002,640,43,-23,267,201
250,756,Macula,633,251,2b8263b79c521529aa307b96d400c0ad.jpg,480,L002,640,685,581,303,199
251,796,OpticDisk,510,257,2b8263b79c521529aa307b96d400c0ad.jpg,480,L002,640,543,477,290,224
252,549,Macula,232,294,2b885d645bdaaf9a3e60a3f69b8b2207.jpg,480,L001,720,284,180,346,242
253,787,OpticDisk,433,271,2b885d645bdaaf9a3e60a3f69b8b2207.jpg,480,L001,720,466,400,304,238
254,138,Macula,662,397,2c25b406db647fea6f1678070d97d162.jpg,480,L002,720,714,610,449,345
255,426,OpticDisk,559,416,2c25b406db647fea6f1678070d97d162.jpg,480,L002,720,592,526,449,383
256,312,OpticDisk,138,11,2c5c388d975cc6bded9d4dedf539e609.jpg,480,L002,640,171,105,44,-22
257,641,Macula,316,22,2c5c388d975cc6bded9d4dedf539e609.jpg,480,L002,640,368,264,74,-30
258,141,Macula,354,242,2c8a55b2caa7f83c5f2a39f881c21cdb.jpg,480,L001,640,406,302,294,190
259,477,OpticDisk,542,265,2c8a55b2caa7f83c5f2a39f881c21cdb.jpg,480,L001,640,575,509,298,232
260,898,Macula,203,280,2d98e8c5e9722a97d6e6901ec74534cb.jpg,480,L001,640,255,151,332,228
261,398,OpticDisk,347,279,2d98e8c5e9722a97d6e6901ec74534cb.jpg,480,L001,640,380,314,312,246
262,117,OpticDisk,316,318,2e45e6eff51fb0f9d87b45326c816804.jpg,480,L001,720,349,283,351,285
263,824,Macula,166,322,2e45e6eff51fb0f9d87b45326c816804.jpg,480,L001,720,218,114,374,270
264,188,Macula,334,279,2e94d548cddb098f542d2f11bc22d7e6.jpg,480,L001,720,386,282,331,227
265,602,OpticDisk,515,253,2e94d548cddb098f542d2f11bc22d7e6.jpg,480,L001,720,548,482,286,220
266,429,Macula,387,256,2ee4abf19101734f2c5f5870b52809f6.jpg,480,L002,640,439,335,308,204
267,914,OpticDisk,247,254,2ee4abf19101734f2c5f5870b52809f6.jpg,480,L002,640,280,214,287,221
268,587,Macula,214,132,2f2607c8f60c8caec2f034019706d351.jpg,480,L001,720,266,162,184,80
269,823,OpticDisk,374,169,2f2607c8f60c8caec2f034019706d351.jpg,480,L001,720,407,341,202,136
270,550,OpticDisk,676,341,2f4e5be5ae6ccf984c7a71e882f2fb3b.jpg,480,L001,720,709,643,374,308
271,618,Macula,533,429,2f4e5be5ae6ccf984c7a71e882f2fb3b.jpg,480,L001,720,585,481,481,377
272,691,OpticDisk,379,69,2f6b091c168ff0dd58224c1fdb4b7860.jpg,480,L001,720,412,346,102,36
273,560,Macula,201,64,2f6b091c168ff0dd58224c1fdb4b7860.jpg,480,L001,720,253,149,116,12
274,491,OpticDisk,331,197,2fda69508b353a12595d163c550a3732.jpg,480,L001,640,364,298,230,164
275,529,Macula,172,153,2fda69508b353a12595d163c550a3732.jpg,480,L001,640,224,120,205,101
276,311,Macula,403,175,3036b8454efe71ad5e761ed656d9d1ac.jpg,480,L002,720,455,351,227,123
277,683,OpticDisk,243,184,3036b8454efe71ad5e761ed656d9d1ac.jpg,480,L002,720,276,210,217,151
278,577,Macula,163,124,3081d5bac090986255fbe026a416be08.jpg,480,L001,720,215,111,176,72
279,759,OpticDisk,345,135,3081d5bac090986255fbe026a416be08.jpg,480,L001,720,378,312,168,102
280,270,Macula,435,134,30f77c465c24111e5d9c88b6d7e28c8d.jpg,480,L001,640,487,383,186,82
281,605,OpticDisk,614,119,30f77c465c24111e5d9c88b6d7e28c8d.jpg,480,L001,640,647,581,152,86
282,795,Macula,42,162,311c90ee0c7a0ae8d35687bf1b5ad2fc.jpg,480,L001,640,94,-10,214,110
283,937,OpticDisk,243,164,311c90ee0c7a0ae8d35687bf1b5ad2fc.jpg,480,L001,640,276,210,197,131
284,906,Macula,532,390,315f6bb5a5525376023bfb4ff13a1bdf.jpg,480,L002,720,584,480,442,338
285,358,OpticDisk,369,386,315f6bb5a5525376023bfb4ff13a1bdf.jpg,480,L002,720,402,336,419,353
286,917,OpticDisk,496,310,320fa8e926b52314abc9cf553764a736.jpg,480,L001,720,529,463,343,277
287,89,OpticDisk,294,318,320fa8e926b52314abc9cf553764a736.jpg,480,L001,720,327,261,351,285
288,21,Macula,198,62,3223b533d0d759fb6591cc663a96a14b.jpg,480,L001,720,250,146,114,10
289,370,OpticDisk,362,127,3223b533d0d759fb6591cc663a96a14b.jpg,480,L001,720,395,329,160,94
290,569,OpticDisk,606,225,335dd9fed318b9d258922de033df3482.jpg,480,L001,640,639,573,258,192
291,654,Macula,450,243,335dd9fed318b9d258922de033df3482.jpg,480,L001,640,502,398,295,191
292,612,OpticDisk,255,256,33cd40306c13d7ac046952c6d1c2b600.jpg,480,L001,720,288,222,289,223
293,670,Macula,84,267,33cd40306c13d7ac046952c6d1c2b600.jpg,480,L001,720,136,32,319,215
294,228,OpticDisk,612,265,33d1aaf2bb54abd1f7375180c22ecb66.jpg,480,L001,720,645,579,298,232
295,318,Macula,433,286,33d1aaf2bb54abd1f7375180c22ecb66.jpg,480,L001,720,485,381,338,234
296,297,Macula,319,241,33d7e9ab33ccff08c161080d7be2b8ed.jpg,480,L002,720,371,267,293,189
297,791,OpticDisk,142,226,33d7e9ab33ccff08c161080d7be2b8ed.jpg,480,L002,720,175,109,259,193
298,609,Macula,327,84,343472476cf19c6e2192ac156cdcfdcd.jpg,480,L002,720,379,275,136,32
299,166,OpticDisk,149,85,343472476cf19c6e2192ac156cdcfdcd.jpg,480,L002,720,182,116,118,52
300,17,Macula,349,177,34f683206d98d5abaf2ff2b19155f14f.jpg,480,L001,640,401,297,229,125
301,450,OpticDisk,489,154,34f683206d98d5abaf2ff2b19155f14f.jpg,480,L001,640,522,456,187,121
302,286,Macula,550,466,354832acf2cb832e74d321ed4972bd23.jpg,480,L002,720,602,498,518,414
303,939,OpticDisk,363,456,354832acf2cb832e74d321ed4972bd23.jpg,480,L002,720,396,330,489,423
304,288,Macula,319,274,35c3e26ba8a8f1744f24df4f389321cc.jpg,480,L001,720,371,267,326,222
305,300,OpticDisk,504,300,35c3e26ba8a8f1744f24df4f389321cc.jpg,480,L001,720,537,471,333,267
306,223,OpticDisk,581,165,35ce66e00092f84786c5a4d4e613da4a.jpg,480,L001,720,614,548,198,132
307,296,Macula,431,256,35ce66e00092f84786c5a4d4e613da4a.jpg,480,L001,720,483,379,308,204
308,147,OpticDisk,335,164,361cbfb2837601c36803515489f7c361.jpg,480,L002,640,368,302,197,131
309,219,Macula,461,157,361cbfb2837601c36803515489f7c361.jpg,480,L002,640,513,409,209,105
310,326,Macula,187,295,3750c476fe8c813182c9c6e65585360e.jpg,480,L001,640,239,135,347,243
311,675,OpticDisk,350,262,3750c476fe8c813182c9c6e65585360e.jpg,480,L001,640,383,317,295,229
312,864,OpticDisk,17,333,37e6f75b7e2b42762195420f7272ea48.jpg,480,L002,720,50,-16,366,300
313,190,Macula,205,421,37e6f75b7e2b42762195420f7272ea48.jpg,480,L002,720,257,153,473,369
314,930,OpticDisk,320,271,37ea929acffc2674549dff67cc32ff78.jpg,480,L001,640,353,287,304,238
315,385,Macula,161,260,37ea929acffc2674549dff67cc32ff78.jpg,480,L001,640,213,109,312,208
316,62,Macula,275,252,38df94767e03cbdacb6ce7671b75e884.jpg,480,L001,640,327,223,304,200
317,709,OpticDisk,446,227,38df94767e03cbdacb6ce7671b75e884.jpg,480,L001,640,479,413,260,194
318,608,Macula,216,453,3995eeba756d0c79b41947de74f8cf83.jpg,480,L002,720,268,164,505,401
319,896,OpticDisk,48,366,3995eeba756d0c79b41947de74f8cf83.jpg,480,L002,720,81,15,399,333
320,711,Macula,45,339,39edcff6f000a23b13dda921114eb548.jpg,480,L001,640,97,-7,391,287
321,814,OpticDisk,189,321,39edcff6f000a23b13dda921114eb548.jpg,480,L001,640,222,156,354,288
322,294,OpticDisk,29,297,3a1b999f0babaa3ca8072eba081b89b9.jpg,480,L002,720,62,-4,330,264
323,424,Macula,224,266,3a1b999f0babaa3ca8072eba081b89b9.jpg,480,L002,720,276,172,318,214
324,203,Macula,593,114,3a696e3a1887f081caef254cd7a373a5.jpg,480,L002,640,645,541,166,62
325,236,OpticDisk,467,122,3a696e3a1887f081caef254cd7a373a5.jpg,480,L002,640,500,434,155,89
326,603,OpticDisk,232,276,3b51d10992d52c364cf44702ba271f35.jpg,480,L001,720,265,199,309,243
327,37,Macula,81,311,3b51d10992d52c364cf44702ba271f35.jpg,480,L001,720,133,29,363,259
328,582,Macula,253,301,3b811ce8e5251b60d86c1517854deac3.jpg,480,L001,640,305,201,353,249
329,653,OpticDisk,448,311,3b811ce8e5251b60d86c1517854deac3.jpg,480,L001,640,481,415,344,278
330,661,Macula,188,287,3bdb93db908c1c6fc5e38178b9d10095.jpg,480,L001,720,240,136,339,235
331,692,OpticDisk,350,324,3bdb93db908c1c6fc5e38178b9d10095.jpg,480,L001,720,383,317,357,291
332,533,OpticDisk,243,254,3bf56395d962d17c7873457ca259d485.jpg,480,L001,640,276,210,287,221
333,707,Macula,66,257,3bf56395d962d17c7873457ca259d485.jpg,480,L001,640,118,14,309,205
334,368,OpticDisk,278,58,3cb7b24ed5a01fb922b985ae0d7f57a1.jpg,480,L001,720,311,245,91,25
335,383,Macula,118,59,3cb7b24ed5a01fb922b985ae0d7f57a1.jpg,480,L001,720,170,66,111,7
336,173,OpticDisk,79,212,3de150a81cc6a9bb216840e6cec54e7f.jpg,480,L002,640,112,46,245,179
337,536,Macula,282,262,3de150a81cc6a9bb216840e6cec54e7f.jpg,480,L002,640,334,230,314,210
338,198,Macula,472,301,3df7a44c1c52f88d81947ffba896718d.jpg,480,L001,720,524,420,353,249
339,660,OpticDisk,618,345,3df7a44c1c52f88d81947ffba896718d.jpg,480,L001,720,651,585,378,312
340,893,Macula,111,278,3e68286b4ef1d56dfa437ef68ec1a319.jpg,480,L001,640,163,59,330,226
341,56,OpticDisk,303,233,3e68286b4ef1d56dfa437ef68ec1a319.jpg,480,L001,640,336,270,266,200
342,95,OpticDisk,164,304,3e993515eaac42538f6483f4ce0187f7.jpg,480,L002,640,197,131,337,271
343,234,Macula,358,304,3e993515eaac42538f6483f4ce0187f7.jpg,480,L002,640,410,306,356,252
344,537,OpticDisk,558,228,3ef855182e0281d34ea466dc1229da45.jpg,480,L001,640,591,525,261,195
345,632,Macula,375,305,3ef855182e0281d34ea466dc1229da45.jpg,480,L001,640,427,323,357,253
346,665,OpticDisk,54,227,3f27e117d9a587a99ed763b97ce315eb.jpg,480,L002,640,87,21,260,194
347,884,Macula,223,226,3f27e117d9a587a99ed763b97ce315eb.jpg,480,L002,640,275,171,278,174
348,465,Macula,259,172,3f2a44663ee88248d4628e7cb1df466d.jpg,480,L002,720,311,207,224,120
349,620,OpticDisk,57,190,3f2a44663ee88248d4628e7cb1df466d.jpg,480,L002,720,90,24,223,157
350,427,OpticDisk,226,10,3f56998933998b5047b78cd2bf8ab12d.jpg,480,L002,720,259,193,43,-23
351,659,Macula,428,19,3f56998933998b5047b78cd2bf8ab12d.jpg,480,L002,720,480,376,71,-33
352,281,OpticDisk,575,190,40056e8793244fb5372c0c6626f75b57.jpg,480,L001,720,608,542,223,157
353,217,Macula,420,255,40056e8793244fb5372c0c6626f75b57.jpg,480,L001,720,472,368,307,203
354,372,OpticDisk,248,146,4091a75f769fb4e3df70f2ad17f21132.jpg,480,L001,720,281,215,179,113
355,500,Macula,90,149,4091a75f769fb4e3df70f2ad17f21132.jpg,480,L001,720,142,38,201,97
356,478,OpticDisk,280,283,40b066b77d6de95125f99d943d8cc8d3.jpg,480,L001,720,313,247,316,250
357,727,Macula,141,358,40b066b77d6de95125f99d943d8cc8d3.jpg,480,L001,720,193,89,410,306
358,275,OpticDisk,158,367,40ee5b60be7aceda485ab681cb211f41.jpg,480,L002,640,191,125,400,334
359,535,Macula,337,362,40ee5b60be7aceda485ab681cb211f41.jpg,480,L002,640,389,285,414,310
360,266,Macula,475,271,417ae9f058329daa4d85a0d184cb298b.jpg,480,L002,720,527,423,323,219
361,510,OpticDisk,300,249,417ae9f058329daa4d85a0d184cb298b.jpg,480,L002,720,333,267,282,216
362,503,Macula,42,340,4188cc2620c62e68fb983b891e18e638.jpg,480,L001,640,94,-10,392,288
363,794,OpticDisk,149,342,4188cc2620c62e68fb983b891e18e638.jpg,480,L001,640,182,116,375,309
364,505,OpticDisk,355,226,41ddc6ade18d95e3d166ef862ab891e2.jpg,480,L001,640,388,322,259,193
365,251,Macula,174,270,41ddc6ade18d95e3d166ef862ab891e2.jpg,480,L001,640,226,122,322,218
366,443,OpticDisk,343,226,42e44d7cec969598e67ac09cd3277529.jpg,480,L001,640,376,310,259,193
367,38,Macula,166,210,42e44d7cec969598e67ac09cd3277529.jpg,480,L001,640,218,114,262,158
368,231,Macula,484,434,43a4517d26ac466cb161c119140b2544.jpg,480,L002,720,536,432,486,382
369,858,OpticDisk,274,457,43a4517d26ac466cb161c119140b2544.jpg,480,L002,720,307,241,490,424
370,564,OpticDisk,292,178,43d61cecb90eb50348d7f5bed770b224.jpg,480,L002,640,325,259,211,145
371,841,Macula,458,186,43d61cecb90eb50348d7f5bed770b224.jpg,480,L002,640,510,406,238,134
372,44,OpticDisk,607,272,44c7233626dc825db3b5d13dc4f400ed.jpg,480,L001,720,640,574,305,239
373,207,Macula,422,263,44c7233626dc825db3b5d13dc4f400ed.jpg,480,L001,720,474,370,315,211
374,531,Macula,514,412,455ee50b9446f85d62d8da8b6bceb117.jpg,480,L001,640,566,462,464,360
375,704,Macula,627,304,455ee50b9446f85d62d8da8b6bceb117.jpg,480,L001,640,679,575,356,252
376,206,Macula,219,375,479feb960f52c3494b1b92b4e65da1e5.jpg,480,L002,640,271,167,427,323
377,367,OpticDisk,31,336,479feb960f52c3494b1b92b4e65da1e5.jpg,480,L002,640,64,-2,369,303
378,120,Macula,82,28,480fcc00908e489222a2104e4bd34d63.jpg,480,L001,640,134,30,80,-24
379,657,OpticDisk,237,32,480fcc00908e489222a2104e4bd34d63.jpg,480,L001,640,270,204,65,-1
380,820,Macula,362,162,48b333b0088be090c0b30cefaa8d068d.jpg,480,L001,640,414,310,214,110
381,601,OpticDisk,581,232,48b333b0088be090c0b30cefaa8d068d.jpg,480,L001,640,614,548,265,199
382,274,OpticDisk,628,263,4988d1b50635fc96c19ae5967f8b67c3.jpg,480,L001,720,661,595,296,230
383,573,Macula,485,301,4988d1b50635fc96c19ae5967f8b67c3.jpg,480,L001,720,537,433,353,249
384,249,Macula,369,279,49cd94bc3651b4b5fa9f63368b0b3ee9.jpg,480,L001,720,421,317,331,227
385,624,OpticDisk,566,255,49cd94bc3651b4b5fa9f63368b0b3ee9.jpg,480,L001,720,599,533,288,222
386,113,Macula,238,356,4a317d3f3d014e5c80ea2656bbe25569.jpg,480,L001,720,290,186,408,304
387,923,OpticDisk,440,303,4a317d3f3d014e5c80ea2656bbe25569.jpg,480,L001,720,473,407,336,270
388,409,OpticDisk,222,241,4a39fd370ba1dedeb13e2cf10d16365c.jpg,480,L001,640,255,189,274,208
389,833,Macula,73,261,4a39fd370ba1dedeb13e2cf10d16365c.jpg,480,L001,640,125,21,313,209
390,272,Macula,355,268,4a751e6924f8ade786c32c5cb521c2cc.jpg,480,L002,640,407,303,320,216
391,492,OpticDisk,207,258,4a751e6924f8ade786c32c5cb521c2cc.jpg,480,L002,640,240,174,291,225
392,800,Macula,450,75,4ab09ebada2bcbfe66998f361b8be0f3.jpg,480,L001,640,502,398,127,23
393,672,OpticDisk,597,149,4ab09ebada2bcbfe66998f361b8be0f3.jpg,480,L001,640,630,564,182,116
394,111,Macula,156,88,4ab5fa2a33f63d1019e3cee1eb17ba95.jpg,480,L002,640,208,104,140,36
395,365,OpticDisk,349,66,4ab5fa2a33f63d1019e3cee1eb17ba95.jpg,480,L002,640,382,316,99,33
396,309,OpticDisk,382,168,4b006b6e40cf1a99c36131416af01491.jpg,480,L002,640,415,349,201,135
397,396,Macula,539,143,4b006b6e40cf1a99c36131416af01491.jpg,480,L002,640,591,487,195,91
398,54,Macula,289,289,4b3e23c38c54e50e8cb9c7a0478ec483.jpg,480,L002,720,341,237,341,237
399,292,OpticDisk,61,268,4b3e23c38c54e50e8cb9c7a0478ec483.jpg,480,L002,720,94,28,301,235
400,65,OpticDisk,243,203,4b8bdc0a308a923d741ee7b033de0521.jpg,480,L002,640,276,210,236,170
401,651,Macula,422,246,4b8bdc0a308a923d741ee7b033de0521.jpg,480,L002,640,474,370,298,194
402,472,OpticDisk,517,377,4cf2de6523ab55b8a0aa3bf181d402b0.jpg,480,L001,640,550,484,410,344
403,916,Macula,366,410,4cf2de6523ab55b8a0aa3bf181d402b0.jpg,480,L001,640,418,314,462,358
404,897,OpticDisk,136,210,4d1c628cc3a9ce70391f250e8bf8001d.jpg,480,L002,640,169,103,243,177
405,308,Macula,322,230,4d1c628cc3a9ce70391f250e8bf8001d.jpg,480,L002,640,374,270,282,178
406,193,Macula,449,277,4dc73e0bc121f20a61406f80c7e1bf6d.jpg,480,L002,720,501,397,329,225
407,446,OpticDisk,271,267,4dc73e0bc121f20a61406f80c7e1bf6d.jpg,480,L002,720,304,238,300,234
408,60,Macula,248,195,4e09ea96974f90bcbeee748aa995a427.jpg,480,L002,720,300,196,247,143
409,935,OpticDisk,54,181,4e09ea96974f90bcbeee748aa995a427.jpg,480,L002,720,87,21,214,148
410,277,OpticDisk,434,54,4e1657f5970816869792c7b5bb395779.jpg,480,L001,640,467,401,87,21
411,686,Macula,264,64,4e1657f5970816869792c7b5bb395779.jpg,480,L001,640,316,212,116,12
412,604,OpticDisk,187,360,4ef7e276be083538597b1d87887a8ffe.jpg,480,L002,720,220,154,393,327
413,866,Macula,378,375,4ef7e276be083538597b1d87887a8ffe.jpg,480,L002,720,430,326,427,323
414,591,Macula,282,266,4f256d14c2ea6ef39bdef2efff714e09.jpg,480,L002,720,334,230,318,214
415,822,OpticDisk,85,243,4f256d14c2ea6ef39bdef2efff714e09.jpg,480,L002,720,118,52,276,210
416,28,OpticDisk,76,273,4f3e6e0e8593f03d26a2e4fc18ae8697.jpg,480,L002,640,109,43,306,240
417,568,Macula,235,298,4f3e6e0e8593f03d26a2e4fc18ae8697.jpg,480,L002,640,287,183,350,246
418,278,OpticDisk,284,128,4f83e889c00af8f90fa6390e3ff224e5.jpg,480,L002,720,317,251,161,95
419,871,Macula,469,155,4f83e889c00af8f90fa6390e3ff224e5.jpg,480,L002,720,521,417,207,103
420,754,OpticDisk,389,231,4fea62e17e285eb04a3122cb410c443e.jpg,480,L002,640,422,356,264,198
421,717,Macula,565,270,4fea62e17e285eb04a3122cb410c443e.jpg,480,L002,640,617,513,322,218
422,414,OpticDisk,181,315,501aaea619e0087af22647478ba14218.jpg,480,L001,640,214,148,348,282
423,522,OpticDisk,47,346,501aaea619e0087af22647478ba14218.jpg,480,L001,640,80,14,379,313
424,125,OpticDisk,405,210,50e483b77cb0907f09957aec5346abe7.jpg,480,L002,640,438,372,243,177
425,848,Macula,569,195,50e483b77cb0907f09957aec5346abe7.jpg,480,L002,640,621,517,247,143
426,140,Macula,107,69,52b016a34010f698092c8b329823b4ac.jpg,480,L001,640,159,55,121,17
427,338,OpticDisk,278,111,52b016a34010f698092c8b329823b4ac.jpg,480,L001,640,311,245,144,78
428,179,Macula,328,289,52c46fbf8ca1d43eb75f3a97bcb4018e.jpg,480,L001,640,380,276,341,237
429,516,OpticDisk,485,245,52c46fbf8ca1d43eb75f3a97bcb4018e.jpg,480,L001,640,518,452,278,212
430,160,OpticDisk,487,175,530f689e5babe25f4364e6f15c0c4519.jpg,480,L001,720,520,454,208,142
431,849,Macula,343,228,530f689e5babe25f4364e6f15c0c4519.jpg,480,L001,720,395,291,280,176
432,779,Macula,248,438,533c80901b34d470fdcd53b362b8fba3.jpg,480,L001,640,300,196,490,386
433,715,OpticDisk,374,395,533c80901b34d470fdcd53b362b8fba3.jpg,480,L001,640,407,341,428,362
434,75,Macula,332,260,5340d7b6cd45051af9f03dc0cc88c739.jpg,480,L002,640,384,280,312,208
435,774,OpticDisk,179,279,5340d7b6cd45051af9f03dc0cc88c739.jpg,480,L002,640,212,146,312,246
436,380,OpticDisk,294,217,535bb6a1c5609f0095af750b23ffdfe0.jpg,480,L002,640,327,261,250,184
437,876,Macula,434,213,535bb6a1c5609f0095af750b23ffdfe0.jpg,480,L002,640,486,382,265,161
438,157,Macula,214,67,536aa887bc3ed4af095ea2d58e396cad.jpg,480,L001,640,266,162,119,15
439,243,OpticDisk,386,101,536aa887bc3ed4af095ea2d58e396cad.jpg,480,L001,640,419,353,134,68
440,146,OpticDisk,49,252,53960294fb1f9b52a8fdb27d19c18809.jpg,480,L002,720,82,16,285,219
441,313,Macula,222,236,53960294fb1f9b52a8fdb27d19c18809.jpg,480,L002,720,274,170,288,184
442,267,OpticDisk,486,241,53cd25367752ea653acb10c9dfe0532e.jpg,480,L001,640,519,453,274,208
443,322,Macula,327,254,53cd25367752ea653acb10c9dfe0532e.jpg,480,L001,640,379,275,306,202
444,232,Macula,552,392,54c3520f9d7fb2518326886604616dce.jpg,480,L002,720,604,500,444,340
445,127,OpticDisk,378,372,54c3520f9d7fb2518326886604616dce.jpg,480,L002,720,411,345,405,339
446,169,OpticDisk,566,404,554f1788c820edd3dd239fa2abf1530c.jpg,480,L001,640,599,533,437,371
447,77,Macula,394,387,554f1788c820edd3dd239fa2abf1530c.jpg,480,L001,640,446,342,439,335
448,30,OpticDisk,618,307,556b4c18a9a407263748c5d7de423932.jpg,480,L001,640,651,585,340,274
449,384,Macula,442,286,556b4c18a9a407263748c5d7de423932.jpg,480,L001,640,494,390,338,234
450,216,Macula,550,150,558c48d437c1bd84ec8ee88de6d16991.jpg,480,L002,640,602,498,202,98
451,349,OpticDisk,401,155,558c48d437c1bd84ec8ee88de6d16991.jpg,480,L002,640,434,368,188,122
452,422,Macula,246,319,56756a19c229b26e6671fea7b338d86b.jpg,480,L001,720,298,194,371,267
453,521,OpticDisk,391,241,56756a19c229b26e6671fea7b338d86b.jpg,480,L001,720,424,358,274,208
454,347,OpticDisk,470,212,586e504fc5a3271801ad289f782346c2.jpg,480,L001,640,503,437,245,179
455,594,Macula,321,300,586e504fc5a3271801ad289f782346c2.jpg,480,L001,640,373,269,352,248
456,59,Macula,411,341,58a10c77c597894e2efe81ce69806116.jpg,480,L001,640,463,359,393,289
457,487,OpticDisk,596,373,58a10c77c597894e2efe81ce69806116.jpg,480,L001,640,629,563,406,340
458,818,Macula,347,171,58f04153f9e8c328554e89dcb319437c.jpg,480,L002,640,399,295,223,119
459,895,OpticDisk,182,174,58f04153f9e8c328554e89dcb319437c.jpg,480,L002,640,215,149,207,141
460,852,Macula,35,319,598212cc31fcadb4ba91f0ee3ab221f9.jpg,480,L001,720,87,-17,371,267
461,701,OpticDisk,186,274,598212cc31fcadb4ba91f0ee3ab221f9.jpg,480,L001,720,219,153,307,241
462,333,OpticDisk,372,171,599efe0d74bbb7c9c36349b5b40300f7.jpg,480,L001,640,405,339,204,138
463,439,Macula,246,218,599efe0d74bbb7c9c36349b5b40300f7.jpg,480,L001,640,298,194,270,166
464,360,OpticDisk,391,385,59f277ae0f3924f87fa31a8319c669d7.jpg,480,L002,720,424,358,418,352
465,873,Macula,600,383,59f277ae0f3924f87fa31a8319c669d7.jpg,480,L002,720,652,548,435,331
466,46,OpticDisk,257,405,5a8859734646483b8d26886f068a8992.jpg,480,L002,720,290,224,438,372
467,268,Macula,435,413,5a8859734646483b8d26886f068a8992.jpg,480,L002,720,487,383,465,361
468,742,OpticDisk,318,220,5b73b3fd60cd2ae8972675be31b31db0.jpg,480,L001,720,351,285,253,187
469,926,Macula,154,280,5b73b3fd60cd2ae8972675be31b31db0.jpg,480,L001,720,206,102,332,228
470,334,Macula,412,218,5c01483b5e1fede3149405eb45585f43.jpg,480,L002,720,464,360,270,166
471,835,OpticDisk,242,233,5c01483b5e1fede3149405eb45585f43.jpg,480,L002,720,275,209,266,200
472,494,Macula,236,143,5dcab618db0591a79ab671dd5bc1d6e1.jpg,480,L001,640,288,184,195,91
473,189,OpticDisk,387,114,5dcab618db0591a79ab671dd5bc1d6e1.jpg,480,L001,640,420,354,147,81
474,184,OpticDisk,338,227,5ddcdfc93899521196ef71b751af6300.jpg,480,L002,720,371,305,260,194
475,508,Macula,490,249,5ddcdfc93899521196ef71b751af6300.jpg,480,L002,720,542,438,301,197
476,553,Macula,11,206,5df03697e808afcefaf24fbcf5a3fcca.jpg,480,L001,640,63,-41,258,154
477,706,OpticDisk,118,211,5df03697e808afcefaf24fbcf5a3fcca.jpg,480,L001,640,151,85,244,178
478,576,OpticDisk,298,284,5e0b27e78e36650b656a5fd787cdd2de.jpg,480,L001,720,331,265,317,251
479,891,Macula,120,284,5e0b27e78e36650b656a5fd787cdd2de.jpg,480,L001,720,172,68,336,232
480,26,Macula,461,175,5e1b1556f7dfddbfd377d362ff21da4d.jpg,480,L001,640,513,409,227,123
481,557,OpticDisk,621,217,5e1b1556f7dfddbfd377d362ff21da4d.jpg,480,L001,640,654,588,250,184
482,91,OpticDisk,19,261,5e7e38c67192a06fdabf8015a6690136.jpg,480,L002,640,52,-14,294,228
483,705,Macula,195,264,5e7e38c67192a06fdabf8015a6690136.jpg,480,L002,640,247,143,316,212
484,597,Macula,236,270,5f01a554d468d034c839f6e75f29bdaa.jpg,480,L002,640,288,184,322,218
485,784,OpticDisk,75,354,5f01a554d468d034c839f6e75f29bdaa.jpg,480,L002,640,108,42,387,321
486,902,OpticDisk,194,305,5fc20a9a6e2429bb915cedb13138f9d9.jpg,480,L002,640,227,161,338,272
487,332,Macula,352,282,5fc20a9a6e2429bb915cedb13138f9d9.jpg,480,L002,640,404,300,334,230
488,578,Macula,674,238,612a4f3b3161fdfc2879c2dbcb41984f.jpg,480,L002,720,726,622,290,186
489,721,OpticDisk,506,227,612a4f3b3161fdfc2879c2dbcb41984f.jpg,480,L002,720,539,473,260,194
490,122,OpticDisk,458,144,613c37dbae87c9921af03aab106af283.jpg,480,L001,640,491,425,177,111
491,212,Macula,290,207,613c37dbae87c9921af03aab106af283.jpg,480,L001,640,342,238,259,155
492,463,OpticDisk,349,421,635345224bee33c02179c54940f09114.jpg,480,L001,720,382,316,454,388
493,832,Macula,166,444,635345224bee33c02179c54940f09114.jpg,480,L001,720,218,114,496,392
494,68,Macula,293,281,63bad021f251cb3a8cd65132e431352d.jpg,480,L001,640,345,241,333,229
495,495,OpticDisk,452,276,63bad021f251cb3a8cd65132e431352d.jpg,480,L001,640,485,419,309,243
496,191,OpticDisk,274,255,65a14d7551b01793fdc8cd0d5d82e808.jpg,480,L002,640,307,241,288,222
497,369,Macula,434,226,65a14d7551b01793fdc8cd0d5d82e808.jpg,480,L002,640,486,382,278,174
498,940,Macula,396,118,66d2ae65d0be439fae6dc3a04e73b579.jpg,480,L002,720,448,344,170,66
499,816,OpticDisk,211,100,66d2ae65d0be439fae6dc3a04e73b579.jpg,480,L002,720,244,178,133,67
500,194,Macula,377,251,66d37c48742909ffcfbe2bf67e7c096c.jpg,480,L001,720,429,325,303,199
501,435,OpticDisk,525,303,66d37c48742909ffcfbe2bf67e7c096c.jpg,480,L001,720,558,492,336,270
502,153,OpticDisk,216,151,66eb3549c34d0817ba33f8b936fbfef3.jpg,480,L001,720,249,183,184,118
503,381,Macula,336,259,66eb3549c34d0817ba33f8b936fbfef3.jpg,480,L001,720,388,284,311,207
504,73,Macula,171,339,66f25133f8452d6d423f62777e9d545e.jpg,480,L001,720,223,119,391,287
505,511,OpticDisk,327,282,66f25133f8452d6d423f62777e9d545e.jpg,480,L001,720,360,294,315,249
506,61,OpticDisk,335,168,6740f4d1644a68755a0ed23599456e67.jpg,480,L001,720,368,302,201,135
507,626,Macula,190,221,6740f4d1644a68755a0ed23599456e67.jpg,480,L001,720,242,138,273,169
508,714,OpticDisk,641,293,68c6ad9edfb16b6eb1f42124e1ba3ef4.jpg,480,L001,720,674,608,326,260
509,749,Macula,476,357,68c6ad9edfb16b6eb1f42124e1ba3ef4.jpg,480,L001,720,528,424,409,305
510,84,Macula,427,237,68d8b5a89ad64b252f64c56c754f82c8.jpg,480,L002,720,479,375,289,185
511,81,OpticDisk,257,238,68d8b5a89ad64b252f64c56c754f82c8.jpg,480,L002,720,290,224,271,205
512,676,OpticDisk,357,172,69c736878886c89aad7f5a1cfc9b2334.jpg,480,L002,640,390,324,205,139
513,801,Macula,521,144,69c736878886c89aad7f5a1cfc9b2334.jpg,480,L002,640,573,469,196,92
514,530,OpticDisk,294,302,6a25a1c711a2e43486661bc9359a471c.jpg,480,L002,640,327,261,335,269
515,771,Macula,449,312,6a25a1c711a2e43486661bc9359a471c.jpg,480,L002,640,501,397,364,260
516,421,Macula,314,222,6a6b41058241959e874f804bb3c1c13a.jpg,480,L001,640,366,262,274,170
517,886,OpticDisk,507,215,6a6b41058241959e874f804bb3c1c13a.jpg,480,L001,640,540,474,248,182
518,23,Macula,234,454,6b231aed56ee92900eeaa78307dfc3f6.jpg,480,L001,640,286,182,506,402
519,648,OpticDisk,372,404,6b231aed56ee92900eeaa78307dfc3f6.jpg,480,L001,640,405,339,437,371
520,633,Macula,361,206,6bda7c10f33e79f55b094408733c23b8.jpg,480,L002,640,413,309,258,154
521,807,OpticDisk,202,178,6bda7c10f33e79f55b094408733c23b8.jpg,480,L002,640,235,169,211,145
522,348,Macula,464,182,6c53e0fb07b747ac96a52fbb97944495.jpg,480,L002,640,516,412,234,130
523,501,OpticDisk,301,156,6c53e0fb07b747ac96a52fbb97944495.jpg,480,L002,640,334,268,189,123
524,622,Macula,402,262,6da6a21f02323ee576436590c8419bcf.jpg,480,L001,720,454,350,314,210
525,470,OpticDisk,566,243,6da6a21f02323ee576436590c8419bcf.jpg,480,L001,720,599,533,276,210
526,238,OpticDisk,390,233,6db6739cc65bcb99f4e66c1d86f573c1.jpg,480,L001,640,423,357,266,200
527,811,Macula,235,229,6db6739cc65bcb99f4e66c1d86f573c1.jpg,480,L001,640,287,183,281,177
528,182,OpticDisk,273,205,702dc07f8e3aa7adb526b3f2548fc0da.jpg,480,L001,720,306,240,238,172
529,356,Macula,109,261,702dc07f8e3aa7adb526b3f2548fc0da.jpg,480,L001,720,161,57,313,209
530,139,OpticDisk,266,298,705e3a6f426b419c37ee1d87b34464e7.jpg,480,L002,640,299,233,331,265
531,548,Macula,412,257,705e3a6f426b419c37ee1d87b34464e7.jpg,480,L002,640,464,360,309,205
532,289,OpticDisk,369,469,70650e78e553da3c1480acb65b0d8a3f.jpg,480,L002,720,402,336,502,436
533,444,Macula,555,459,70650e78e553da3c1480acb65b0d8a3f.jpg,480,L002,720,607,503,511,407
534,331,OpticDisk,338,195,70779824a1b7e83367d4c4a5b82e7b1a.jpg,480,L002,640,371,305,228,162
535,718,Macula,478,241,70779824a1b7e83367d4c4a5b82e7b1a.jpg,480,L002,640,530,426,293,189
536,733,OpticDisk,395,187,70ca72d91935de1e49566bb5d9b3b66a.jpg,480,L001,720,428,362,220,154
537,323,Macula,246,167,70ca72d91935de1e49566bb5d9b3b66a.jpg,480,L001,720,298,194,219,115
538,36,Macula,215,283,70f20a4228d4e39a71e52cb940a6c6b4.jpg,480,L001,640,267,163,335,231
539,42,OpticDisk,394,245,70f20a4228d4e39a71e52cb940a6c6b4.jpg,480,L001,640,427,361,278,212
540,4,Macula,680,325,724384fe1dc891a258d8348b74f6d89f.jpg,480,L002,720,732,628,377,273
541,565,OpticDisk,504,305,724384fe1dc891a258d8348b74f6d89f.jpg,480,L002,720,537,471,338,272
542,230,OpticDisk,587,122,7251c595a12dbfb1bef3ae3fc4a6bca8.jpg,480,L001,640,620,554,155,89
543,345,Macula,369,99,7251c595a12dbfb1bef3ae3fc4a6bca8.jpg,480,L001,640,421,317,151,47
544,689,OpticDisk,303,250,7297bc93a5af634810856904387e6b3d.jpg,480,L002,640,336,270,283,217
545,815,Macula,484,265,7297bc93a5af634810856904387e6b3d.jpg,480,L002,640,536,432,317,213
546,291,Macula,390,230,730a15c2594d3f6d7a92622b20bb9ea2.jpg,480,L001,720,442,338,282,178
547,854,OpticDisk,536,242,730a15c2594d3f6d7a92622b20bb9ea2.jpg,480,L001,720,569,503,275,209
548,741,Macula,216,219,74ad45e4fb67733d2142852c7cab53f5.jpg,480,L001,640,268,164,271,167
549,78,OpticDisk,385,220,74ad45e4fb67733d2142852c7cab53f5.jpg,480,L001,640,418,352,253,187
550,875,Macula,470,455,74f9a2736aa9f109505e1ae37c3dacb5.jpg,480,L001,720,522,418,507,403
551,305,OpticDisk,644,408,74f9a2736aa9f109505e1ae37c3dacb5.jpg,480,L001,720,677,611,441,375
552,171,Macula,237,265,75a7d54572dd8da4aa3ef91448e2bbb4.jpg,480,L002,720,289,185,317,213
553,586,OpticDisk,61,250,75a7d54572dd8da4aa3ef91448e2bbb4.jpg,480,L002,720,94,28,283,217
554,103,OpticDisk,671,291,764626f4231b3bc0e99bcd647dd4727b.jpg,480,L001,720,704,638,324,258
555,769,Macula,517,285,764626f4231b3bc0e99bcd647dd4727b.jpg,480,L001,720,569,465,337,233
556,132,Macula,427,272,76f510bd1a23ab88cf4179f0c9949448.jpg,480,L001,640,479,375,324,220
557,400,OpticDisk,622,226,76f510bd1a23ab88cf4179f0c9949448.jpg,480,L001,640,655,589,259,193
558,13,OpticDisk,38,336,76f6b3b8c65d50a6f88ca240044e004a.jpg,480,L002,640,71,5,369,303
559,165,Macula,220,376,76f6b3b8c65d50a6f88ca240044e004a.jpg,480,L002,640,272,168,428,324
560,669,OpticDisk,269,180,7747f7fcdbf8e42c136bf2ac8305383d.jpg,480,L001,720,302,236,213,147
561,722,Macula,103,177,7747f7fcdbf8e42c136bf2ac8305383d.jpg,480,L001,720,155,51,229,125
562,269,Macula,476,202,776d5c872f471b48a726ee1817626be6.jpg,480,L002,640,528,424,254,150
563,499,OpticDisk,326,180,776d5c872f471b48a726ee1817626be6.jpg,480,L002,640,359,293,213,147
564,728,Macula,541,465,77824f785def1d39f3e089e53ddb958b.jpg,480,L002,720,593,489,517,413
565,245,OpticDisk,344,474,77824f785def1d39f3e089e53ddb958b.jpg,480,L002,720,377,311,507,441
566,192,Macula,258,470,77d729dae48806cabac150a6bc852c16.jpg,480,L001,720,310,206,522,418
567,214,OpticDisk,429,440,77d729dae48806cabac150a6bc852c16.jpg,480,L001,720,462,396,473,407
568,123,OpticDisk,411,241,781a6b60e2b1cfe53526d43d1ebe4c4d.jpg,480,L002,640,444,378,274,208
569,540,Macula,550,228,781a6b60e2b1cfe53526d43d1ebe4c4d.jpg,480,L002,640,602,498,280,176
570,735,OpticDisk,223,300,782892406bcda232bc5e3d857eebd841.jpg,480,L001,720,256,190,333,267
571,868,Macula,60,292,782892406bcda232bc5e3d857eebd841.jpg,480,L001,720,112,8,344,240
572,802,OpticDisk,368,91,785abb72ee42feaf48406e1f9cdf9dac.jpg,480,L002,720,401,335,124,58
573,877,Macula,538,108,785abb72ee42feaf48406e1f9cdf9dac.jpg,480,L002,720,590,486,160,56
574,515,Macula,421,357,793c0d8637b04e8417582dc6a0def459.jpg,480,L002,640,473,369,409,305
575,927,OpticDisk,250,389,793c0d8637b04e8417582dc6a0def459.jpg,480,L002,640,283,217,422,356
576,163,Macula,458,191,79539420e8552e505b1ea713ba8f5952.jpg,480,L002,720,510,406,243,139
577,106,OpticDisk,640,189,79539420e8552e505b1ea713ba8f5952.jpg,480,L002,720,673,607,222,156
578,282,Macula,102,323,7955a8983f36168e5e5883b89c2ee740.jpg,480,L001,720,154,50,375,271
579,447,OpticDisk,245,249,7955a8983f36168e5e5883b89c2ee740.jpg,480,L001,720,278,212,282,216
580,149,Macula,361,343,7af93eee791762b79ce6e88d80861c94.jpg,480,L002,720,413,309,395,291
581,638,OpticDisk,155,317,7af93eee791762b79ce6e88d80861c94.jpg,480,L002,720,188,122,350,284
582,466,Macula,428,213,7b0f11ff79c96e2bc18eb77e814f53a0.jpg,480,L002,640,480,376,265,161
583,554,OpticDisk,286,218,7b0f11ff79c96e2bc18eb77e814f53a0.jpg,480,L002,640,319,253,251,185
584,86,Macula,410,194,7c625f64a8f7329bceba50405efe66cf.jpg,480,L001,720,462,358,246,142
585,636,OpticDisk,572,219,7c625f64a8f7329bceba50405efe66cf.jpg,480,L001,720,605,539,252,186
586,130,OpticDisk,634,200,7d82bdc6c3ed5b4bb52e85ad9a4fa90e.jpg,480,L001,640,667,601,233,167
587,614,Macula,466,252,7d82bdc6c3ed5b4bb52e85ad9a4fa90e.jpg,480,L001,640,518,414,304,200
588,52,OpticDisk,248,285,7f364e655adfefa2aaf0da16609c0f57.jpg,480,L002,720,281,215,318,252
589,567,Macula,445,319,7f364e655adfefa2aaf0da16609c0f57.jpg,480,L002,720,497,393,371,267
590,744,Macula,166,272,7f9282653b0d6342c781e7f8df3a1dac.jpg,480,L001,640,218,114,324,220
591,457,OpticDisk,332,196,7f9282653b0d6342c781e7f8df3a1dac.jpg,480,L001,640,365,299,229,163
592,371,OpticDisk,229,259,7fada8209076f3193177578427f014ac.jpg,480,L001,720,262,196,292,226
593,792,Macula,44,299,7fada8209076f3193177578427f014ac.jpg,480,L001,720,96,-8,351,247
594,35,Macula,166,234,7fdda56e8f935260a8aaf7c468b04515.jpg,480,L001,640,218,114,286,182
595,860,OpticDisk,324,217,7fdda56e8f935260a8aaf7c468b04515.jpg,480,L001,640,357,291,250,184
596,102,Macula,410,467,8032d653dfcf1870aae3b4fec91d2ab1.jpg,480,L001,640,462,358,519,415
597,452,OpticDisk,576,440,8032d653dfcf1870aae3b4fec91d2ab1.jpg,480,L001,640,609,543,473,407
598,404,OpticDisk,88,253,81a730d7b6dca1b4fe35e796cfd4797c.jpg,480,L002,640,121,55,286,220
599,830,Macula,248,253,81a730d7b6dca1b4fe35e796cfd4797c.jpg,480,L002,640,300,196,305,201
600,205,OpticDisk,299,357,826748b9f9c4fe2aa1ba96fd0263a945.jpg,480,L002,720,332,266,390,324
601,284,Macula,483,338,826748b9f9c4fe2aa1ba96fd0263a945.jpg,480,L002,720,535,431,390,286
602,498,OpticDisk,46,286,82986dba1ee5a57ccd2731b1c4a8c1f2.jpg,480,L002,640,79,13,319,253
603,293,Macula,181,258,82986dba1ee5a57ccd2731b1c4a8c1f2.jpg,480,L002,640,233,129,310,206
604,131,Macula,127,81,829927c5ecf134fbaa06a627d9f11203.jpg,480,L001,720,179,75,133,29
605,258,OpticDisk,305,71,829927c5ecf134fbaa06a627d9f11203.jpg,480,L001,720,338,272,104,38
606,128,Macula,465,202,82f52b3899738cc48be33cc0053c0ecf.jpg,480,L001,720,517,413,254,150
607,680,OpticDisk,618,174,82f52b3899738cc48be33cc0053c0ecf.jpg,480,L001,720,651,585,207,141
608,242,OpticDisk,452,169,830fb98c3083be152212d61ebe9ffde0.jpg,480,L001,640,485,419,202,136
609,685,Macula,266,189,830fb98c3083be152212d61ebe9ffde0.jpg,480,L001,640,318,214,241,137
610,467,Macula,257,316,839e939120b6d6798b9199a2074f522d.jpg,480,L001,640,309,205,368,264
611,790,OpticDisk,431,291,839e939120b6d6798b9199a2074f522d.jpg,480,L001,640,464,398,324,258
612,596,OpticDisk,29,210,840e4daeb347d3e65aeca982f4d0f7ff.jpg,480,L002,640,62,-4,243,177
613,888,Macula,219,232,840e4daeb347d3e65aeca982f4d0f7ff.jpg,480,L002,640,271,167,284,180
614,417,Macula,538,223,851a5c87068541da0effee686227f5a5.jpg,480,L002,640,590,486,275,171
615,397,OpticDisk,372,237,851a5c87068541da0effee686227f5a5.jpg,480,L002,640,405,339,270,204
616,170,OpticDisk,605,221,853a074ea669e32ed6b1a7d0962fcdaf.jpg,480,L001,720,638,572,254,188
617,750,Macula,424,237,853a074ea669e32ed6b1a7d0962fcdaf.jpg,480,L001,720,476,372,289,185
618,90,Macula,285,283,8559108e0d1074355c88a1c503ca25a1.jpg,480,L002,720,337,233,335,231
619,319,OpticDisk,111,305,8559108e0d1074355c88a1c503ca25a1.jpg,480,L002,720,144,78,338,272
620,107,OpticDisk,432,480,85a1fc9264653b55e4f380e962a133c1.jpg,480,L002,720,465,399,513,447
621,504,Macula,589,464,85a1fc9264653b55e4f380e962a133c1.jpg,480,L002,720,641,537,516,412
622,346,OpticDisk,329,232,85ae4909f6aca31e585fe77fb30da2a5.jpg,480,L001,640,362,296,265,199
623,732,Macula,184,229,85ae4909f6aca31e585fe77fb30da2a5.jpg,480,L001,640,236,132,281,177
624,83,Macula,462,365,8727a315bcd2b5299b2f0ba61f7cb3c4.jpg,480,L002,720,514,410,417,313
625,700,OpticDisk,313,335,8727a315bcd2b5299b2f0ba61f7cb3c4.jpg,480,L002,720,346,280,368,302
626,57,Macula,250,264,87bd194938095031c74b9a33f4b4fa2a.jpg,480,L002,640,302,198,316,212
627,851,OpticDisk,75,334,87bd194938095031c74b9a33f4b4fa2a.jpg,480,L002,640,108,42,367,301
628,845,OpticDisk,58,268,881219015f3f7779c1bbc8b9de9f9b22.jpg,480,L002,720,91,25,301,235
629,725,Macula,239,247,881219015f3f7779c1bbc8b9de9f9b22.jpg,480,L002,720,291,187,299,195
630,817,OpticDisk,550,183,88a20e3d8eefe4aa3f172bd3a58ebb53.jpg,480,L002,720,583,517,216,150
631,539,Macula,697,210,88a20e3d8eefe4aa3f172bd3a58ebb53.jpg,480,L002,720,749,645,262,158
632,644,Macula,223,270,88d8c4df420c01ce603eef1e06d4060a.jpg,480,L002,720,275,171,322,218
633,938,OpticDisk,37,292,88d8c4df420c01ce603eef1e06d4060a.jpg,480,L002,720,70,4,325,259
634,746,Macula,357,275,89948828cfc7e9a4ae0160910978322f.jpg,480,L002,720,409,305,327,223
635,870,OpticDisk,154,239,89948828cfc7e9a4ae0160910978322f.jpg,480,L002,720,187,121,272,206
636,600,OpticDisk,92,274,8a129f3dc4b34f8cf33da4f1f549c4fa.jpg,480,L002,720,125,59,307,241
637,673,Macula,287,298,8a129f3dc4b34f8cf33da4f1f549c4fa.jpg,480,L002,720,339,235,350,246
638,100,OpticDisk,687,282,8b53373d0e4a03e02b737339d67be6e6.jpg,480,L001,720,720,654,315,249
639,119,Macula,457,278,8b53373d0e4a03e02b737339d67be6e6.jpg,480,L001,720,509,405,330,226
640,260,OpticDisk,408,461,8b83aecf99c4d5e2120443b697cddfdf.jpg,480,L001,720,441,375,494,428
641,448,Macula,205,452,8b83aecf99c4d5e2120443b697cddfdf.jpg,480,L001,720,257,153,504,400
642,775,Macula,326,297,8c004c212b5b6510900646adb59fc941.jpg,480,L002,720,378,274,349,245
643,918,OpticDisk,137,327,8c004c212b5b6510900646adb59fc941.jpg,480,L002,720,170,104,360,294
644,552,OpticDisk,518,213,8d22f04929308a76a2128b5ae10c4c96.jpg,480,L001,640,551,485,246,180
645,350,Macula,357,245,8d22f04929308a76a2128b5ae10c4c96.jpg,480,L001,640,409,305,297,193
646,410,OpticDisk,69,207,8e67e9d22adea8e625248091878699bd.jpg,480,L002,720,102,36,240,174
647,730,Macula,243,183,8e67e9d22adea8e625248091878699bd.jpg,480,L002,720,295,191,235,131
648,211,OpticDisk,141,316,8eb33b02f0943db4e4cbcd307a0c3402.jpg,480,L002,640,174,108,349,283
649,610,Macula,344,346,8eb33b02f0943db4e4cbcd307a0c3402.jpg,480,L002,640,396,292,398,294
650,737,OpticDisk,194,221,8ee813eeb9952856cb1d892306c95186.jpg,480,L001,720,227,161,254,188
651,883,Macula,51,286,8ee813eeb9952856cb1d892306c95186.jpg,480,L001,720,103,-1,338,234
652,316,Macula,442,365,8f10071cfb1c7bdae4bee584a3106b4c.jpg,480,L002,720,494,390,417,313
653,698,OpticDisk,246,376,8f10071cfb1c7bdae4bee584a3106b4c.jpg,480,L002,720,279,213,409,343
654,473,Macula,317,275,8f7cede8da66fdc461cd37eb09996b12.jpg,480,L001,640,369,265,327,223
655,615,OpticDisk,529,237,8f7cede8da66fdc461cd37eb09996b12.jpg,480,L001,640,562,496,270,204
656,574,Macula,694,210,8f861ed2bd3b18c74b39b615e335162b.jpg,480,L002,720,746,642,262,158
657,285,OpticDisk,584,212,8f861ed2bd3b18c74b39b615e335162b.jpg,480,L002,720,617,551,245,179
658,468,OpticDisk,540,355,8f8a912cecdeea7ab7d4a6fa53764fdd.jpg,480,L001,720,573,507,388,322
659,244,Macula,380,380,8f8a912cecdeea7ab7d4a6fa53764fdd.jpg,480,L001,720,432,328,432,328
660,361,Macula,117,215,8fbf1d1b9582ecce739baed2de68a90a.jpg,480,L001,720,169,65,267,163
661,798,OpticDisk,304,210,8fbf1d1b9582ecce739baed2de68a90a.jpg,480,L001,720,337,271,243,177
662,628,Macula,428,52,90ac88880c9f8b9f33e5cd729d82cb47.jpg,480,L001,720,480,376,104,0
663,758,OpticDisk,600,62,90ac88880c9f8b9f33e5cd729d82cb47.jpg,480,L001,720,633,567,95,29
664,134,Macula,215,217,929db33690e7582876de933824a2810a.jpg,480,L001,640,267,163,269,165
665,838,OpticDisk,381,265,929db33690e7582876de933824a2810a.jpg,480,L001,640,414,348,298,232
666,241,OpticDisk,411,402,92a9d0955d7435864e4b82a160e703b4.jpg,480,L001,720,444,378,435,369
667,736,Macula,244,443,92a9d0955d7435864e4b82a160e703b4.jpg,480,L001,720,296,192,495,391
668,321,Macula,252,256,92e09152926c2b9df38601e740461d4a.jpg,480,L001,640,304,200,308,204
669,688,OpticDisk,421,172,92e09152926c2b9df38601e740461d4a.jpg,480,L001,640,454,388,205,139
670,388,Macula,299,251,9398ab85538ddcf741c5a2b3d1547151.jpg,480,L001,720,351,247,303,199
671,846,OpticDisk,445,240,9398ab85538ddcf741c5a2b3d1547151.jpg,480,L001,720,478,412,273,207
672,887,Macula,306,264,93e490abd823d845ddd93adfbacf0459.jpg,480,L001,720,358,254,316,212
673,762,OpticDisk,490,218,93e490abd823d845ddd93adfbacf0459.jpg,480,L001,720,523,457,251,185
674,488,Macula,203,259,93f59319bbbe3195354ca66d15ee573f.jpg,480,L002,640,255,151,311,207
675,812,OpticDisk,30,265,93f59319bbbe3195354ca66d15ee573f.jpg,480,L002,640,63,-3,298,232
676,905,Macula,68,230,94be34ef43af2d30f8b609432dcca4c1.jpg,480,L001,720,120,16,282,178
677,934,OpticDisk,251,225,94be34ef43af2d30f8b609432dcca4c1.jpg,480,L001,720,284,218,258,192
678,92,Macula,61,229,94f43a655603bd873acb48970145b7d7.jpg,480,L001,640,113,9,281,177
679,178,OpticDisk,235,185,94f43a655603bd873acb48970145b7d7.jpg,480,L001,640,268,202,218,152
680,773,Macula,441,221,951e44188944083ae84cb28b09016fc9.jpg,480,L002,640,493,389,273,169
681,810,OpticDisk,284,258,951e44188944083ae84cb28b09016fc9.jpg,480,L002,640,317,251,291,225
682,108,OpticDisk,523,16,95e99e9ff22d979ade952e18d9de8b77.jpg,480,L001,720,556,490,49,-17
683,126,Macula,311,1,95e99e9ff22d979ade952e18d9de8b77.jpg,480,L001,720,363,259,53,-51
684,558,Macula,494,301,984cf319623bbb4b12e97430327df0e8.jpg,480,L001,720,546,442,353,249
685,261,OpticDisk,651,285,984cf319623bbb4b12e97430327df0e8.jpg,480,L001,720,684,618,318,252
686,3,Macula,281,334,9889fdf1e49910556cde4b66c3fa50b7.jpg,480,L001,720,333,229,386,282
687,76,OpticDisk,434,315,9889fdf1e49910556cde4b66c3fa50b7.jpg,480,L001,720,467,401,348,282
688,526,Macula,254,188,9a51544acea83c8e31e6164023a40370.jpg,480,L001,640,306,202,240,136
689,584,OpticDisk,437,172,9a51544acea83c8e31e6164023a40370.jpg,480,L001,640,470,404,205,139
690,423,Macula,530,250,9a5c1df2e83824f29d567151a408d572.jpg,480,L001,720,582,478,302,198
691,469,OpticDisk,699,244,9a5c1df2e83824f29d567151a408d572.jpg,480,L001,720,732,666,277,211
692,376,Macula,484,295,9a793d49a0ef7d45cfd9880ec27d1721.jpg,480,L002,720,536,432,347,243
693,702,OpticDisk,297,265,9a793d49a0ef7d45cfd9880ec27d1721.jpg,480,L002,720,330,264,298,232
694,441,OpticDisk,141,228,9b0aec4a5b34235f56c1342f1501a3e1.jpg,480,L001,640,174,108,261,195
695,729,Macula,19,217,9b0aec4a5b34235f56c1342f1501a3e1.jpg,480,L001,640,71,-33,269,165
696,734,Macula,373,316,9b55c87a1a0f25ae0b2b4804d036f976.jpg,480,L001,640,425,321,368,264
697,671,OpticDisk,529,281,9b55c87a1a0f25ae0b2b4804d036f976.jpg,480,L001,640,562,496,314,248
698,175,OpticDisk,231,223,9b87389d3473a5523f9fc49791af9e89.jpg,480,L001,720,264,198,256,190
699,317,Macula,74,147,9b87389d3473a5523f9fc49791af9e89.jpg,480,L001,720,126,22,199,95
700,290,OpticDisk,464,382,9cd22cfe65dee9de4e42b42f1d5ddc14.jpg,480,L002,720,497,431,415,349
701,359,Macula,644,383,9cd22cfe65dee9de4e42b42f1d5ddc14.jpg,480,L002,720,696,592,435,331
702,476,OpticDisk,393,222,9cff2226267b3cd2efc81370f300820b.jpg,480,L001,720,426,360,255,189
703,881,Macula,200,202,9cff2226267b3cd2efc81370f300820b.jpg,480,L001,720,252,148,254,150
704,690,Macula,525,288,9d03866708914389388ab5180664b33f.jpg,480,L002,640,577,473,340,236
705,862,OpticDisk,329,262,9d03866708914389388ab5180664b33f.jpg,480,L002,640,362,296,295,229
706,394,OpticDisk,19,231,9d391cc9e2667fa3361ccc38a1b0abd9.jpg,480,L002,640,52,-14,264,198
707,892,Macula,226,245,9d391cc9e2667fa3361ccc38a1b0abd9.jpg,480,L002,640,278,174,297,193
708,63,Macula,335,191,9daec491159bcb994981a063f4509b89.jpg,480,L002,720,387,283,243,139
709,509,OpticDisk,185,122,9daec491159bcb994981a063f4509b89.jpg,480,L002,720,218,152,155,89
710,351,OpticDisk,167,375,9e1147056b5b6718afbf129ae1f7f4cf.jpg,480,L002,720,200,134,408,342
711,264,Macula,348,355,9e1147056b5b6718afbf129ae1f7f4cf.jpg,480,L002,720,400,296,407,303
712,813,OpticDisk,538,382,9e6d019f9e9f578aa03f74d9327f5dc1.jpg,480,L001,640,571,505,415,349
713,878,Macula,352,402,9e6d019f9e9f578aa03f74d9327f5dc1.jpg,480,L001,640,404,300,454,350
714,69,OpticDisk,626,199,9e72195da9ef733215d8d8f99dcdb7ae.jpg,480,L001,720,659,593,232,166
715,804,Macula,394,253,9e72195da9ef733215d8d8f99dcdb7ae.jpg,480,L001,720,446,342,305,201
716,588,Macula,272,383,9ec49338d93ecc8c412c9743d195cbab.jpg,480,L001,640,324,220,435,331
717,844,OpticDisk,427,316,9ec49338d93ecc8c412c9743d195cbab.jpg,480,L001,640,460,394,349,283
718,462,OpticDisk,284,177,9ef3ad0d00414762709deabf6d781e31.jpg,480,L001,640,317,251,210,144
719,693,Macula,76,196,9ef3ad0d00414762709deabf6d781e31.jpg,480,L001,640,128,24,248,144
720,222,OpticDisk,151,305,9f24ef1f2ea991e43000d2502be2933b.jpg,480,L002,640,184,118,338,272
721,606,Macula,310,306,9f24ef1f2ea991e43000d2502be2933b.jpg,480,L002,640,362,258,358,254
722,797,OpticDisk,16,182,9f2f2c6379bef34bfd1d64219e7bdceb.jpg,480,L002,640,49,-17,215,149
723,96,Macula,164,195,9f2f2c6379bef34bfd1d64219e7bdceb.jpg,480,L002,640,216,112,247,143
724,395,Macula,391,259,c1905183288e9460f4371276399c4eba.jpg,480,L001,720,443,339,311,207
725,853,OpticDisk,562,340,c1905183288e9460f4371276399c4eba.jpg,480,L001,720,595,529,373,307
726,437,Macula,305,295,c1bd041183a573939f00e8fb780cdf38.jpg,480,L002,720,357,253,347,243
727,627,OpticDisk,151,273,c1bd041183a573939f00e8fb780cdf38.jpg,480,L002,720,184,118,306,240
728,71,OpticDisk,574,219,c1d3316a40364be76e909f9363f1eef0.jpg,480,L001,720,607,541,252,186
729,475,Macula,400,218,c1d3316a40364be76e909f9363f1eef0.jpg,480,L001,720,452,348,270,166
730,99,Macula,402,236,c3669a14b801af795055b5d95f89abe8.jpg,480,L001,720,454,350,288,184
731,770,OpticDisk,559,209,c3669a14b801af795055b5d95f89abe8.jpg,480,L001,720,592,526,242,176
732,226,OpticDisk,473,112,c4ba7f264721fc4a0c62c12548473d52.jpg,480,L002,720,506,440,145,79
733,324,Macula,628,127,c4ba7f264721fc4a0c62c12548473d52.jpg,480,L002,720,680,576,179,75
734,335,OpticDisk,31,206,c4e9c968ed25d2ac01834a2c688ff995.jpg,480,L002,720,64,-2,239,173
735,186,Macula,204,190,c4e9c968ed25d2ac01834a2c688ff995.jpg,480,L002,720,256,152,242,138
736,677,Macula,85,298,c63b195ed7b1415407e37e4a1b206b72.jpg,480,L001,720,137,33,350,246
737,538,OpticDisk,286,366,c63b195ed7b1415407e37e4a1b206b72.jpg,480,L001,720,319,253,399,333
738,496,OpticDisk,602,182,c6be5d36d2131cba7e33d7e45f3c6e0c.jpg,480,L001,720,635,569,215,149
739,682,Macula,429,217,c6be5d36d2131cba7e33d7e45f3c6e0c.jpg,480,L001,720,481,377,269,165
740,85,OpticDisk,138,228,c8b5b92f493c1d78be420130b37e0076.jpg,480,L002,640,171,105,261,195
741,697,Macula,292,247,c8b5b92f493c1d78be420130b37e0076.jpg,480,L002,640,344,240,299,195
742,80,Macula,426,222,c9e816a4126d163d160c77a9ef4e1b5f.jpg,480,L002,720,478,374,274,170
743,237,OpticDisk,261,244,c9e816a4126d163d160c77a9ef4e1b5f.jpg,480,L002,720,294,228,277,211
744,621,OpticDisk,395,359,ca9e55e85f8a792393beb46d73bfb2bc.jpg,480,L001,720,428,362,392,326
745,719,Macula,226,380,ca9e55e85f8a792393beb46d73bfb2bc.jpg,480,L001,720,278,174,432,328
746,202,Macula,536,111,cc1330b764e0173f5c7336e9c03f6560.jpg,480,L002,720,588,484,163,59
747,847,OpticDisk,373,92,cc1330b764e0173f5c7336e9c03f6560.jpg,480,L002,720,406,340,125,59
748,341,Macula,202,224,cd67c326f25d2a77a1531966235c1633.jpg,480,L002,720,254,150,276,172
749,420,OpticDisk,16,223,cd67c326f25d2a77a1531966235c1633.jpg,480,L002,720,49,-17,256,190
750,831,Macula,420,303,cd72ce57483b17630b88557c6eb7d306.jpg,480,L002,720,472,368,355,251
751,336,OpticDisk,244,354,cd72ce57483b17630b88557c6eb7d306.jpg,480,L002,720,277,211,387,321
752,374,Macula,49,352,cdd6362c722aa4abb82de48137558ae6.jpg,480,L001,720,101,-3,404,300
753,562,OpticDisk,197,328,cdd6362c722aa4abb82de48137558ae6.jpg,480,L001,720,230,164,361,295
754,579,Macula,325,360,ce6b5f8904abe4863b385a33c50d53de.jpg,480,L002,720,377,273,412,308
755,593,OpticDisk,152,358,ce6b5f8904abe4863b385a33c50d53de.jpg,480,L002,720,185,119,391,325
756,235,Macula,392,188,d008cdcc6c664be7eefccd4e773f91b5.jpg,480,L002,720,444,340,240,136
757,524,OpticDisk,215,94,d008cdcc6c664be7eefccd4e773f91b5.jpg,480,L002,720,248,182,127,61
758,445,Macula,79,357,d32ed44b55d45fd2ebba3911d9b1310e.jpg,480,L001,720,131,27,409,305
759,748,OpticDisk,235,303,d32ed44b55d45fd2ebba3911d9b1310e.jpg,480,L001,720,268,202,336,270
760,34,OpticDisk,482,224,d37b977efa7c6c3029944577cb2f5c3d.jpg,480,L002,720,515,449,257,191
761,899,Macula,649,242,d37b977efa7c6c3029944577cb2f5c3d.jpg,480,L002,720,701,597,294,190
762,809,Macula,352,340,d3df4eeafe316bebbe3b0b82b3d69e9c.jpg,480,L002,720,404,300,392,288
763,455,OpticDisk,162,331,d3df4eeafe316bebbe3b0b82b3d69e9c.jpg,480,L002,720,195,129,364,298
764,74,Macula,31,283,d4729d794d05e94adf305742e8991a6e.jpg,480,L001,720,83,-21,335,231
765,716,OpticDisk,207,285,d4729d794d05e94adf305742e8991a6e.jpg,480,L001,720,240,174,318,252
766,105,Macula,342,423,d6a85fe5d5b5c0be2df6259186a2f40b.jpg,480,L001,720,394,290,475,371
767,453,OpticDisk,513,370,d6a85fe5d5b5c0be2df6259186a2f40b.jpg,480,L001,720,546,480,403,337
768,456,OpticDisk,286,211,d71dedfe34f1cf33bb56680a307c9673.jpg,480,L002,640,319,253,244,178
769,788,Macula,447,203,d71dedfe34f1cf33bb56680a307c9673.jpg,480,L002,640,499,395,255,151
770,215,OpticDisk,710,285,d78acd2769c339face89e5c7aa03256f.jpg,480,L001,720,743,677,318,252
771,438,Macula,510,278,d78acd2769c339face89e5c7aa03256f.jpg,480,L001,720,562,458,330,226
772,159,Macula,278,190,d87a21384d05b30666ce90c4d8830872.jpg,480,L001,720,330,226,242,138
773,485,OpticDisk,454,222,d87a21384d05b30666ce90c4d8830872.jpg,480,L001,720,487,421,255,189
774,882,OpticDisk,611,282,da403ca5b9c0f4f848b558c4d5cdcbf6.jpg,480,L001,720,644,578,315,249
775,101,Macula,423,268,da403ca5b9c0f4f848b558c4d5cdcbf6.jpg,480,L001,720,475,371,320,216
776,5,OpticDisk,244,328,da4bf40a3d470ecffef6ccaeeccf414b.jpg,480,L002,720,277,211,361,295
777,164,Macula,381,298,da4bf40a3d470ecffef6ccaeeccf414b.jpg,480,L002,720,433,329,350,246
778,523,OpticDisk,445,245,db8a11191eb4232a27e10a1ad1f23ac7.jpg,480,L001,720,478,412,278,212
779,776,Macula,249,265,db8a11191eb4232a27e10a1ad1f23ac7.jpg,480,L001,720,301,197,317,213
780,124,Macula,189,268,dbe88ef11ffc8f90ece69e05af5ec62e.jpg,480,L001,720,241,137,320,216
781,658,OpticDisk,356,281,dbe88ef11ffc8f90ece69e05af5ec62e.jpg,480,L001,720,389,323,314,248
782,432,OpticDisk,495,338,e0d2b81e861069dcf6df9a972f829b1e.jpg,480,L002,640,528,462,371,305
783,806,Macula,598,404,e0d2b81e861069dcf6df9a972f829b1e.jpg,480,L002,640,650,546,456,352
784,19,Macula,317,285,e1380ec8a64ffb9178255526738f962f.jpg,480,L002,720,369,265,337,233
785,903,OpticDisk,132,277,e1380ec8a64ffb9178255526738f962f.jpg,480,L002,720,165,99,310,244
786,681,Macula,40,350,e21ead56d8e8cf5a67737ea8f276bb81.jpg,480,L001,720,92,-12,402,298
787,694,OpticDisk,247,332,e21ead56d8e8cf5a67737ea8f276bb81.jpg,480,L001,720,280,214,365,299
788,645,Macula,606,361,e257df32ba3e2552f64f9f8f2e87e7d8.jpg,480,L002,720,658,554,413,309
789,571,OpticDisk,424,304,e257df32ba3e2552f64f9f8f2e87e7d8.jpg,480,L002,720,457,391,337,271
790,525,OpticDisk,269,383,e2b3c37509ceef54183dcc3f3d9ba330.jpg,480,L002,720,302,236,416,350
791,617,Macula,468,393,e2b3c37509ceef54183dcc3f3d9ba330.jpg,480,L002,720,520,416,445,341
792,151,OpticDisk,367,106,e30cb045e04b50ad0c52e9f0423ebdd6.jpg,480,L001,720,400,334,139,73
793,518,Macula,162,87,e30cb045e04b50ad0c52e9f0423ebdd6.jpg,480,L001,720,214,110,139,35
794,327,Macula,166,194,e3bfe7bd1953f389d7ff82be68d5b22b.jpg,480,L001,720,218,114,246,142
795,740,OpticDisk,359,129,e3bfe7bd1953f389d7ff82be68d5b22b.jpg,480,L001,720,392,326,162,96
796,561,Macula,361,372,e3d557d496ad72c666fecbaf4be6fbb1.jpg,480,L002,720,413,309,424,320
797,15,Macula,455,317,e4330827dbdf08a12fa1ad1e8b489b81.jpg,480,L001,720,507,403,369,265
798,167,OpticDisk,600,235,e4330827dbdf08a12fa1ad1e8b489b81.jpg,480,L001,720,633,567,268,202
799,247,Macula,278,469,e675093d7954b536678c5df43e8bdef1.jpg,480,L002,720,330,226,521,417
800,391,OpticDisk,80,460,e675093d7954b536678c5df43e8bdef1.jpg,480,L002,720,113,47,493,427
801,451,OpticDisk,126,253,ea9bfc5bc5a73533b365fb908cbc9d83.jpg,480,L002,720,159,93,286,220
802,403,Macula,304,261,ea9bfc5bc5a73533b365fb908cbc9d83.jpg,480,L002,720,356,252,313,209
803,67,OpticDisk,192,452,ed13e67a3b04353a7ebe6aebea344f50.jpg,480,L002,720,225,159,485,419
804,909,Macula,393,455,ed13e67a3b04353a7ebe6aebea344f50.jpg,480,L002,720,445,341,507,403
805,299,Macula,664,346,edb9cec79cea384476cce5f95b923b9b.jpg,480,L002,720,716,612,398,294
806,458,OpticDisk,496,289,edb9cec79cea384476cce5f95b923b9b.jpg,480,L002,720,529,463,322,256
807,481,OpticDisk,158,258,ee92b77bf474495fd646c55e9d9ac0a2.jpg,480,L002,720,191,125,291,225
808,783,Macula,341,215,ee92b77bf474495fd646c55e9d9ac0a2.jpg,480,L002,720,393,289,267,163
809,252,OpticDisk,247,197,ef0acd580b53e3ce8ba1c80df672bd78.jpg,480,L001,720,280,214,230,164
810,859,Macula,50,212,ef0acd580b53e3ce8ba1c80df672bd78.jpg,480,L001,720,102,-2,264,160
811,519,OpticDisk,276,270,f117bab6e48eb04c8ad2ed8be148b34e.jpg,480,L001,720,309,243,303,237
812,936,Macula,102,337,f117bab6e48eb04c8ad2ed8be148b34e.jpg,480,L001,720,154,50,389,285
813,315,Macula,491,249,f2d8f375d568b6332d95b6fbe3950b02.jpg,480,L001,720,543,439,301,197
814,58,OpticDisk,695,245,f2d8f375d568b6332d95b6fbe3950b02.jpg,480,L001,720,728,662,278,212
815,148,Macula,276,276,f5288d971fd54e562e2c81b9d1220667.jpg,480,L001,720,328,224,328,224
816,874,OpticDisk,451,267,f5288d971fd54e562e2c81b9d1220667.jpg,480,L001,720,484,418,300,234
817,248,Macula,511,451,f5ad6aa5e90f0bca775ccaf940bc547f.jpg,480,L002,720,563,459,503,399
818,302,OpticDisk,322,470,f5ad6aa5e90f0bca775ccaf940bc547f.jpg,480,L002,720,355,289,503,437
819,255,Macula,486,294,f69ce81b54a4107aa6b527fba9086f08.jpg,480,L001,720,538,434,346,242
820,765,OpticDisk,655,261,f69ce81b54a4107aa6b527fba9086f08.jpg,480,L001,720,688,622,294,228
821,390,Macula,63,159,f6c10a285bb51975fcafc21e6b44d221.jpg,480,L001,720,115,11,211,107
822,392,OpticDisk,268,167,f6c10a285bb51975fcafc21e6b44d221.jpg,480,L001,720,301,235,200,134
823,181,OpticDisk,310,198,f6ee67a059972196ba8848536d129491.jpg,480,L001,720,343,277,231,165
824,325,Macula,158,227,f6ee67a059972196ba8848536d129491.jpg,480,L001,720,210,106,279,175
825,666,OpticDisk,118,240,f73e60833735a6f8925d46f2a61412d0.jpg,480,L002,720,151,85,273,207
826,382,Macula,290,253,f73e60833735a6f8925d46f2a61412d0.jpg,480,L002,720,342,238,305,201
827,196,Macula,547,442,f75590286c066f25bea1facf8d7eae66.jpg,480,L002,720,599,495,494,390
828,354,OpticDisk,354,428,f75590286c066f25bea1facf8d7eae66.jpg,480,L002,720,387,321,461,395
829,780,OpticDisk,303,440,f81cb55f09b9ed0df84cd2b89ff8d0bf.jpg,480,L002,720,336,270,473,407
830,785,Macula,508,431,f81cb55f09b9ed0df84cd2b89ff8d0bf.jpg,480,L002,720,560,456,483,379
831,20,Macula,123,307,f9ce03d4046aff4befc4d2400834a49b.jpg,480,L002,720,175,71,359,255
832,434,Macula,291,334,f9ce03d4046aff4befc4d2400834a49b.jpg,480,L002,720,343,239,386,282
833,41,OpticDisk,121,285,fc938d5e68ff6e9d67349c7e3bb91e84.jpg,480,L002,720,154,88,318,252
834,344,Macula,308,294,fc938d5e68ff6e9d67349c7e3bb91e84.jpg,480,L002,720,360,256,346,242
835,7,OpticDisk,393,248,fca18c3952bb25239606e28f741a5627.jpg,480,L002,720,426,360,281,215
836,931,Macula,587,301,fca18c3952bb25239606e28f741a5627.jpg,480,L002,720,639,535,353,249
837,32,OpticDisk,570,308,fdaa452a7570bb8b21934b239d475bdd.jpg,480,L001,720,603,537,341,275
838,699,Macula,407,293,fdaa452a7570bb8b21934b239d475bdd.jpg,480,L001,720,459,355,345,241
839,51,Macula,613,244,feef7a468682b5a86ccf975f7f2fc1db.jpg,480,L002,720,665,561,296,192
840,386,OpticDisk,464,212,feef7a468682b5a86ccf975f7f2fc1db.jpg,480,L002,720,497,431,245,179
841,280,Macula,593,340,ff06eedd29cb91706de72069559f27d7.jpg,480,L002,720,645,541,392,288
842,872,OpticDisk,411,279,ff06eedd29cb91706de72069559f27d7.jpg,480,L002,720,444,378,312,246
